,,,,,,,,,,,,,,,,,,,,,,,,,,,,,,,,,,,,,,,,
,,,,,,,,,,,,,,,,,,,,,,,,,,,,,,,,,,,,,,,,
,Delay (fs),-5.3694,-5.0868,-4.8042,-4.5216,-4.239,-3.9564,-3.6738,-3.3912,-3.1086,-2.826,-2.5434,-2.2608,-1.9782,-1.6956,-1.413,-1.1304,-0.8478,-0.5652,-0.2826,0,0.2826,0.5652,0.8478,1.1304,1.413,1.6956,1.9782,2.2608,2.5434,2.826,3.1086,3.3912,3.6738,3.9564,4.239,4.5216,4.8042,5.0868,5.3694
Energy (eV),,,,,,,,,,,,,,,,,,,,,,,,,,,,,,,,,,,,,,,,
50,,0,0,0,0,0,0,0,0,0,0,0,0,0,0,0,0,0,0,0,0,0,0,0,0,0,0,0,0,0,0,0,0,0,0,0,0,0,0,0
51,,0,0,0,0,0,0,0,0,0,0,0,0,0,0,0,0,0,0,0,0,0,0,0,0,0,0,0,0,0,0,0,0,0,0,0,0,0,0,0
52,,0,0,0,0,0,0,0,0,0,0,0,0,0,0,0,0,0,0,0,0,0,0,0,0,0,0,0,0,0,0,0,0,0,0,0,0,0,0,0
53,,0,0,0,0,0,0,0,0,0,0,0,0,0,0,0,0,0,0,0,0,0,0,0,0,0,0,0,0,0,0,0,0,0,0,0,0,0,0,0
54,,0,0,0,0,0,0,0,0,0,0,0,0,0,0,0,0,0,0,0,0,0,0,0,0,0,0,0,0,0,0,0,0,0,0,0,0,0,0,0
55,,0,0,0,0,0,0,0,0,0,0,0,0,0,0,0,0,0,0,0,0,0,0,0,0,0,0,0,0,0,0,0,0,0,0,0,0,0,0,0
56,,0,0,0,0,0,0,0,0,0,0,0,0,0,0,0,0,0,0,0,0,0,0,0,0,0,0,0,0,0,0,0,0,0,0,0,0,0,0,0
57,,0,0,0,0,0,0,0,0,0,0,0,0,0,0,0,0,0,0,0,0,0,0,0,0,0,0,0,0,0,0,0,0,0,0,0,0,0,0,0
58,,0,0,0,0,0,0,0,0,0,0,0,0,0,0,0,0,0,0,0,0,0,0,0,0,0,0,0,0,0,0,0,0,0,0,0,0,0,0,0
59,,0,0,0,0,0,0,0,0,0,0,0,0,0,0,0,0,0,0,0,0,0,0,0,0,0,0,0,0,0,0,0,0,0,0,0,0,0,0,0
60,,0,0,0,0,0,0,0,0,0,0,0,0,0,0,0,0,0,0,0,0,0,0,0,0,0,0,0,0,0,0,0,0,0,0,0,0,0,0,0
61,,0,0,0,0,0,0,0,0,0,0,0,0,0,0,0,0,0,0,0,0,0.01837,0,0,0,0,0,0,0,0,0,0,0,0,0,0,0,0,0,0
62,,0,0,0,0,0,0,0,0,0,0,0,0,0,0,0,0,0,0,0,0,0,0,0,0,0,0,0,0,0,0,0,0,0,0,0,0.03256,0,0,0
63,,0,0,0,0.03238,0,0,0,0,0,0,0,0,0,0,0,0,0,0,0,0,0,0,0,0,0,0,0,0.02845,0,0,0,0,0,0,0.00749,0,0,0,0
64,,0,0,0,0,0,0,0,0,0,0,0,0,0,0,0,0,0,0,0,0,0,0,0,0,0,0,0,0,0,0,0,0,0,0,0,0,0,0,0
65,,0,0,0,0,0,0,0,0,0,0,0,0,0,0,0,0,0,0,0,0,0,0,0,0.01182,0,0,0,0,0,0,0.01213,0,0,0,0,0,0,0,0
66,,0.02565,0.0173,0,0,0,0,0,0,0,0,0.03302,0,0,0,0,0,0,0,0,0,0,0,0,0,0.02213,0,0,0.02105,0,0,0,0,0,0,0,0,0,0.0622,0
67,,0,0,0,0,0.05175,0,0,0.02274,0.03855,0,0,0,0,0,0,0,0,0,0,0,0,0.0165,0,0.04488,0,0,0.01677,0,0.03438,0,0.0237,0.01512,0,0,0,0,0,0,0
68,,0,0,0.01009,0,0,0,0,0,0,0,0,0,0,0,0,0,0,0,0,0.00996,0,0.02588,0,0.05029,0.0145,0,0,0,0.02873,0,0,0,0,0,0,0.01535,0,0,0
69,,0,0,0.02591,0.04109,0,0,0.05644,0,0.05056,0,0,0,0,0,0.0123,0,0,0,0,0,7.87E-04,0,0.02363,0,0.00466,0.04276,0,0,0,0,0,0,0,0,0,0.03319,0,0,7.84E-04
70,,0,0.02367,0,0.00578,0.02013,0.0141,0.01027,0.00246,0,0,0,0,0.03072,0.00603,0,0,0,0,0,0.00204,0,0,0,0,0.12044,0.02128,0.04855,0.01298,0.11643,0.05674,0,0.01945,0.01912,0,0,0,0,0.00625,0.00211
71,,0.00713,0,0.10386,0,0.06109,0.05075,0,0,0,0,0.05046,0,0,0.01479,0,0.11631,0.00331,0,0.0281,0,0,0,0,0.07263,0.07595,0.02631,0,0.07585,0.02544,0,0,0,0,0,0.0393,0,0.00705,0,0
72,,0,0.02216,0.06176,0.06303,0.00416,0.05579,0.04437,0,0.067,0.05871,0,0,0.04934,5.86E-04,0.03121,0,5.74E-04,0.0153,0,0.03967,0.02522,0.00441,0.02344,0.07003,0.06555,0,0,0,0,0,5.71E-04,0.08792,0.03827,0,0,0,0,0,0.02266
73,,0,0,0.03018,0,0.0231,0.00147,0,0,0,0,0,0,0,0,0,0.03654,0,0.00137,0.00134,0,0.00484,0,0.03959,0.01601,0.01673,0.01288,0.00144,0.04137,0,0.02185,0,0,0,0,0.00148,0,0,0,0
74,,0,0,0.07053,0.0057,0.06367,0.0061,0,0,0.06879,0,0,0,0,0,0,0,0.01699,0.00571,0,0,0,0,0.05174,0,0,0.03655,0,0.06392,0,0,0.00205,0.09654,0.05002,0,0,0,0,0.03386,0.01312
75,,0.07465,0.0675,0,0.04674,0,0.08572,0,0.00292,0.0486,0,0.05832,0.05313,0.04758,0,0.01419,0.05738,0.01378,0,0,0,0.02011,0.02176,0.07913,0.08686,0.07542,0.04476,0.04145,0.01343,0.03592,0.04362,0,0.02694,0.03679,0.04468,0.02669,0,0.02499,0,0.00253
76,,0,0.08602,0.04261,0,0.09739,0.06247,0.0551,0,0.0449,0,0.00758,0,0,0.0987,0.00688,0.02653,0.07417,0,0.0279,0.06712,0,0.02597,0.02981,0.0139,0.06058,0,0,0.12324,0.0363,0.10601,0,0.03086,0.03373,0.04513,0,0.04793,0.08526,0.02295,0
77,,0,0.06101,0.06816,0.08064,0,0.06676,0.07141,0.05949,0.01189,0.04417,0.08049,0.04131,0,0.04923,0.01484,0,0.05573,0,0.0138,0.02094,0.03489,0,0.0684,0.0325,0.00712,0,0.01108,0.02137,0.02175,0.06498,0,0,0,0,0,0.00346,0.0444,0.07095,0.02535
78,,0.04136,0.11192,0.0611,0.08083,0.06149,0.04313,0.03154,0,0.09545,0.00843,0,0.02888,0,0,0,0.00738,0.01081,0,0,0.09981,0.00312,0.07247,0.03019,0.04737,0.02644,0.06877,0.08512,0.01053,0.05158,0.05477,0.0297,0,0.05136,0.06474,0,0.0158,0,0.0393,0
79,,0.04523,0.03218,0.06478,0.0957,0.04695,0.04713,0.02353,0.08978,0,0,0.03364,0,0.01993,0.02253,0,0.01518,0.0108,0.07747,0.11087,0.00672,0,0,0.08396,0,0.06878,0.00722,0.08915,0.03611,0.07766,0.04792,0.02218,0.0629,0.0652,0.03407,0.03554,0,0,0.03932,0.05889
80,,0.02986,0.06838,0.06834,0.07713,0.08336,0.08285,0.13176,0,0,0.01277,0.03353,0.00772,0,0.03778,0,0.07003,0.10847,0.04026,0,0.0783,0.01718,0.08009,0.0109,0.08044,0.08412,0.06101,0.10467,0.06163,0.08504,0.08588,0.05234,0.07341,0.07551,0.07239,0.05148,0.03199,0,0,0.04394
81,,0.08299,0.00642,0.03911,0.05473,0.00282,0.06272,0.00711,0,0.05345,0,0.03758,0.02011,0.00726,0.02605,0.06867,0.03056,0,0.02147,0.01718,0.04943,0.07744,0,0.04912,0.06921,0.05698,0.11868,0.12005,0.03217,0.09608,0.14109,0.09754,0.08033,0.03037,0.01838,0.0111,0.03992,0.04428,0.07487,0
82,,0.02167,0.00247,0.07516,0.05445,0.07562,0.11016,0.059,0.07192,0.13687,0.01655,0.06294,0.06608,0.09711,0.00258,0.0142,0.06165,0.0478,0.05837,0.05647,0.03478,0.01308,0,0.06036,0.0505,0.05664,0.0914,0.07296,0.05017,0.03984,0.07159,0.0518,0.04476,0.08898,0.05267,0.12731,0.01913,0.02136,0.04265,0.06578
83,,0.12823,0.00929,0.08935,0.02803,0.06423,0.04602,0.07867,0.04559,0.03165,0,0.03673,0.01499,0,0.07149,0.04085,0.03761,0.10399,0,0.08851,0.14585,0.04828,0.0214,0.00982,0.02051,0.09494,0.12957,0.11165,0.07547,0,0.0331,0.10451,0.07972,0.04354,0,0,0.05139,0.11886,0.07816,0.00951
84,,0.0398,0.08164,0.0816,0.06094,0.01246,0.0415,0.0298,0.11842,0.07305,0.09666,0.03612,0.04817,0.04276,0.08255,0.05973,0.04889,0.00152,0.02389,0.01231,0.01226,0.16192,0,0.08257,0.06438,0.0557,0.07501,0.12684,0.0603,0.0688,0.11238,0.06607,0.02618,0.0292,0.03242,0.06202,0.07947,0.09581,0.03761,0.00525
85,,0.08897,0.0884,0.13575,0.06782,0.03017,0.08079,0.08959,0.09616,0.11015,0,0.05261,0.06866,0.03382,0.01632,0.03193,0,0.11424,0.1203,0,0.02246,0.04721,0.07042,0,0.0527,0.10928,0.06281,0.08317,0.06702,0.06823,0.14663,0.04264,0.09636,0.0633,0.05882,0.04929,0.03785,0.03482,0.06903,0.02698
86,,0.19166,0.08045,0.09867,0.10061,0.05148,0.14796,0.06869,0.00879,0.08003,0.03633,0.00874,0.08898,0.01248,0.07348,0.10107,0.03961,0.07197,0.07485,0.06516,0.13714,0.02867,0.06195,0.02715,0.09276,0.12794,0.14344,0.17259,0.14375,0.14242,0.06617,0.10659,0.04618,0.0801,0.05422,0.07278,0.01653,0.04547,0.0362,0.07481
87,,0.02228,0.09065,0.07966,0.16696,0.07644,0.15522,0.0759,0.09884,0.07071,0.06705,0.08536,0.13474,0.05275,0.04954,0.02648,0.07429,0,0.11147,0.02823,0.06067,0.04581,0.00701,0.08436,0.08832,0.13498,0.07288,0.03456,0.1062,0.198,0.07933,0,0.05252,0.16295,0.11922,0.01941,0.02801,0.07108,0.04336,0
88,,0.05974,0.13738,0.13369,0.02447,0.04989,0.09031,0.11953,0.15426,0.08241,0.14758,0.09304,0.04054,0.03119,0.00217,0.07612,0.05761,0,0,0.11434,0.12849,0.06287,0.06414,0.07575,0.07263,0.09149,0.11085,0.15143,0.08323,0.14845,0.15169,0.08216,0.10492,0.08213,0.03315,0.05482,0.10099,0.03997,0.04243,0.00585
89,,0.05109,0.11824,0.07059,0.06827,0.11154,0.14946,0.03356,0.13586,0.14458,0.11022,0.05742,0.10732,0.09204,0.00889,0.09069,0.08431,0.0732,0.07606,0.1279,0.04809,0.18377,0.12904,0.04377,0.05683,0.0905,0.05553,0.19382,0.09712,0.20019,0.09511,0.0507,0.05436,0.06032,0.09028,0.04973,0.0794,0.09206,0.06149,0.07973
90,,0.05773,0.10629,0.04766,0.09347,0.12161,0.09229,0.17822,0.2347,0.18146,0.05904,0.09945,0.05526,0.04136,0.13186,0.05851,0.02381,0.02662,0.13125,0.11973,0.08331,0.0574,0.10871,0.18229,0.04465,0.06226,0.16335,0.17709,0.10349,0.21809,0.12209,0.06493,0.14584,0.09429,0.02717,0.07693,0.07419,0,0.07246,0.09375
91,,0.03349,0.06856,0.05022,0.09615,0.12796,0.10311,0.2582,0.11612,0.1381,0.06227,0.10255,0.13053,0.06074,0.17343,0.14705,0.05436,0.10905,0.02888,0.12964,0.08226,0.08503,0.08817,0.08038,0.11429,0.16618,0.16229,0.28236,0.16533,0.15314,0.11768,0.15546,0.06655,0.13523,0.092,0.08384,0.06061,0.07095,0.0954,0.08895
92,,0.06697,0.01607,0.01972,0.10253,0.06045,0.0899,0.19218,0.12354,0.13687,0.14727,0.13583,0.05265,0.00155,0.14517,0.08344,0.09676,0.07372,0.12914,0.14308,0.09202,0.05163,0.10639,0.09859,0.16908,0.08718,0.34808,0.21437,0.21613,0.09557,0.15157,0.10086,0.12247,0.08529,0.12194,0.00965,0.05518,0.06221,0.0781,0.12907
93,,0.11188,0.15809,0.00747,0.11248,0.14048,0.18103,0.30866,0.23106,0.16511,0.15487,0.06512,0.07679,0.03325,0.13616,0.06264,0.05969,0.20189,0.11294,0.07284,0.0872,0.2014,0.14401,0.10899,0.21638,0.08591,0.24181,0.20927,0.16691,0.21495,0.15747,0.04219,0.05715,0.12611,0.05846,0.05288,0.14881,0.11414,0.04853,0.0828
94,,0.11832,0.0576,0.11636,0.13749,0.15778,0.26024,0.17338,0.1556,0.24839,0.16704,0.07658,0.10515,0.07321,0.16992,0.04954,0.11401,0.05971,0.10033,0.13348,0.10414,0.16431,0.11553,0.10766,0.09949,0.24845,0.26013,0.19214,0.21386,0.23266,0.20886,0.12125,0.113,0.10043,0.08432,0.09614,0.23425,0.09769,0.06727,0.01003
95,,0.07065,0.02312,0.10405,0.1512,0.14174,0.20657,0.19232,0.27187,0.22166,0.20657,0.09245,0.01828,0.09662,0.09459,0.16162,0.05687,0.085,0.10654,0.15045,0.09555,0.08387,0.17654,0.08681,0.13549,0.34093,0.34868,0.33704,0.23493,0.24274,0.2147,0.11611,0.09751,0.0501,0.09465,0.13941,0.16252,0.10015,0.09005,0.07263
96,,0.01504,0.06221,0.04745,0.17239,0.15521,0.20917,0.30486,0.24857,0.25833,0.25966,0.15597,0.01232,0.17808,0.14378,0.14452,0.12707,0.04538,0.11268,0.16005,0.18516,0.19063,0.15952,0.16335,0.17905,0.19898,0.30839,0.26462,0.30056,0.21123,0.16092,0.16458,0.10328,0.06628,0.04246,0.13796,0.16104,0.11776,0.11683,0.16158
97,,0.05987,0.0792,0.13444,0.08453,0.19088,0.28441,0.25046,0.19893,0.26524,0.1575,0.21079,0.12603,0.11834,0.10333,0.17054,0.16144,0.14704,0.08106,0.09662,0.09276,0.17128,0.11897,0.04089,0.27492,0.25622,0.34224,0.42552,0.39604,0.28176,0.19123,0.19383,0.11621,0.18786,0.16194,0.1119,0.09733,0.12009,0,0.1187
98,,0.17058,0.08139,0.07397,0.2448,0.25995,0.21827,0.32643,0.21904,0.31891,0.20595,0.22215,0.11146,0.11665,0.0705,0.11012,0.104,0.20287,0.1399,0.11706,0.07676,0.0977,0.12911,0.16031,0.22114,0.36835,0.44267,0.38461,0.21979,0.26899,0.19689,0.19618,0.11476,0.07051,0.05489,0.08584,0.1993,0.08423,0.14204,0.12101
99,,0.0954,0.17954,0.13881,0.27351,0.31425,0.28537,0.35346,0.23922,0.36408,0.24075,0.18991,0.14387,0.10663,0.14311,0.13201,0.1063,0.14393,0.2253,0.14853,0.19196,0.1468,0.07274,0.19394,0.27587,0.23364,0.44911,0.39905,0.39717,0.34331,0.21661,0.15233,0.12046,0.17105,0.1275,0.12489,0.14367,0.15143,0.14033,0.161
100,,0.05876,0.14839,0.08185,0.17775,0.24586,0.33638,0.40503,0.46101,0.2901,0.32586,0.25786,0.09492,0.16313,0.12968,0.11464,0.14852,0.16526,0.16704,0.18352,0.19041,0.23562,0.16886,0.19619,0.23314,0.49098,0.4124,0.23083,0.53373,0.30776,0.27497,0.21234,0.13686,0.10621,0.15711,0.13125,0.14606,0.13446,0.1711,0.1745
101,,0.15023,0.19856,0.1874,0.24403,0.32991,0.4562,0.3789,0.41545,0.30537,0.35151,0.21241,0.20014,0.09881,0.13967,0.10107,0.16279,0.15599,0.22217,0.23326,0.20351,0.11833,0.13978,0.24546,0.23536,0.41098,0.41486,0.40396,0.41301,0.38593,0.32285,0.29157,0.22866,0.15395,0.10061,0.28891,0.21076,0.18639,0.10839,0.1123
102,,0.13289,0.10441,0.2191,0.17443,0.23536,0.36959,0.3404,0.54107,0.31207,0.30826,0.28472,0.12959,0.10522,0.09479,0.14652,0.13295,0.14659,0.17882,0.17671,0.06291,0.18555,0.13017,0.20851,0.24121,0.34658,0.34649,0.45011,0.34808,0.34267,0.26157,0.22439,0.16248,0.1524,0.14976,0.13989,0.16315,0.25747,0.16746,0.19389
103,,0.15443,0.17679,0.1767,0.22942,0.22252,0.46113,0.46566,0.42064,0.42546,0.31082,0.30028,0.22212,0.11157,0.13213,0.11311,0.1471,0.21778,0.26058,0.24106,0.26247,0.12947,0.18721,0.26161,0.26216,0.41178,0.49431,0.42465,0.4363,0.47791,0.24591,0.20341,0.16801,0.10841,0.1989,0.16256,0.17785,0.25197,0.21849,0.177
104,,0.20315,0.1676,0.24167,0.28059,0.36628,0.37828,0.54177,0.48475,0.45362,0.42368,0.26325,0.25018,0.16806,0.11458,0.14672,0.24947,0.23904,0.16397,0.23574,0.23522,0.25478,0.15786,0.20884,0.28679,0.4141,0.54774,0.43096,0.55064,0.43837,0.39968,0.15526,0.14469,0.13493,0.16963,0.12372,0.16344,0.13893,0.16773,0.19799
105,,0.20131,0.19181,0.26218,0.30164,0.39824,0.49433,0.54018,0.51814,0.40471,0.39864,0.34005,0.21371,0.16602,0.17548,0.1527,0.17132,0.1757,0.20392,0.21195,0.14548,0.18041,0.24636,0.36802,0.33409,0.45175,0.55405,0.54087,0.62781,0.391,0.38759,0.2655,0.23662,0.21814,0.22665,0.20369,0.30746,0.2062,0.17797,0.11269
106,,0.27347,0.28289,0.28644,0.37559,0.40031,0.3055,0.56299,0.48089,0.35565,0.38267,0.32485,0.2892,0.16813,0.06739,0.15863,0.16936,0.16993,0.1374,0.19182,0.20969,0.24413,0.209,0.32299,0.40774,0.44212,0.52876,0.62693,0.56269,0.55319,0.40367,0.34102,0.26012,0.10668,0.21692,0.20168,0.1384,0.18891,0.15969,0.2248
107,,0.29113,0.27739,0.27725,0.33214,0.42101,0.62504,0.55712,0.673,0.37935,0.5556,0.41486,0.36033,0.28753,0.26597,0.19615,0.26381,0.24896,0.25725,0.29303,0.23361,0.31508,0.1874,0.31326,0.37206,0.48381,0.55471,0.46153,0.55354,0.59741,0.4375,0.38565,0.25477,0.26427,0.27401,0.29409,0.2031,0.27935,0.16574,0.31036
108,,0.22278,0.24579,0.32377,0.36449,0.46046,0.38705,0.55532,0.56519,0.53582,0.36911,0.42593,0.31508,0.28126,0.26002,0.10307,0.27788,0.1853,0.20584,0.16228,0.20969,0.19314,0.26816,0.29558,0.48736,0.63997,0.60821,0.56365,0.6386,0.48888,0.43589,0.33737,0.31804,0.34759,0.3272,0.27564,0.155,0.12339,0.25757,0.2248
109,,0.26375,0.26619,0.41125,0.43862,0.51865,0.63373,0.49995,0.65586,0.70108,0.50514,0.39302,0.36468,0.18675,0.15947,0.30295,0.34839,0.26433,0.28389,0.30412,0.18571,0.3662,0.33321,0.49072,0.59149,0.62251,0.62229,0.46187,0.67079,0.64375,0.43071,0.46351,0.30535,0.28912,0.21877,0.29002,0.31597,0.28706,0.22275,0.24944
110,,0.26171,0.30904,0.38336,0.39875,0.38949,0.583,0.71618,0.59197,0.65202,0.57219,0.60625,0.28477,0.32315,0.37427,0.34453,0.20928,0.19282,0.27428,0.28015,0.34578,0.30241,0.32327,0.42569,0.45739,0.54556,0.52166,0.61605,0.59367,0.51975,0.47871,0.39562,0.26012,0.2198,0.26798,0.24668,0.30964,0.35063,0.18786,0.22838
111,,0.3497,0.37423,0.38524,0.44641,0.54897,0.59745,0.54958,0.68279,0.68436,0.53305,0.50296,0.38622,0.1864,0.3092,0.27906,0.3241,0.34148,0.23414,0.24497,0.30709,0.26403,0.34891,0.38431,0.58806,0.62284,0.60689,0.60221,0.54685,0.48349,0.50188,0.41699,0.33425,0.321,0.27381,0.3187,0.24459,0.31399,0.22247,0.23401
112,,0.26539,0.42083,0.40199,0.56246,0.61849,0.61997,0.70443,0.694,0.4846,0.58622,0.54479,0.4446,0.43655,0.33469,0.23322,0.31388,0.32398,0.31232,0.22818,0.29041,0.24744,0.30731,0.55216,0.55974,0.6091,0.60104,0.70069,0.56389,0.58118,0.53571,0.58606,0.31428,0.42227,0.21235,0.25463,0.34305,0.25009,0.31451,0.22045
113,,0.35738,0.31436,0.38517,0.5911,0.67316,0.66297,0.69821,0.82066,0.50398,0.75519,0.66151,0.40334,0.41335,0.27729,0.33036,0.2632,0.29863,0.33319,0.22242,0.37328,0.28931,0.3764,0.57792,0.63746,0.70245,0.5952,0.52609,0.56206,0.67135,0.59449,0.52195,0.50092,0.34574,0.41986,0.36376,0.27771,0.22471,0.32049,0.42848
114,,0.3474,0.402,0.52517,0.60833,0.57357,0.64469,0.70443,0.81398,0.57919,0.53057,0.57113,0.5657,0.28041,0.29484,0.39184,0.29324,0.23839,0.26602,0.34995,0.39714,0.38977,0.45344,0.67473,0.62438,0.65285,0.63284,0.66065,0.66574,0.48535,0.70693,0.56671,0.45192,0.34735,0.26726,0.27066,0.29642,0.26123,0.41679,0.28885
115,,0.39631,0.39631,0.4447,0.74007,0.70714,0.61805,0.71065,0.75388,0.67608,0.60699,0.71898,0.68064,0.44255,0.31238,0.31,0.20197,0.28657,0.37877,0.30344,0.27693,0.39877,0.51869,0.62149,0.69841,0.59536,0.51973,0.7148,0.60737,0.70986,0.54119,0.53746,0.43911,0.37757,0.39575,0.41304,0.28981,0.37135,0.35703,0.39386
116,,0.48456,0.45042,0.50635,0.62747,0.72035,0.65284,0.5764,0.69422,0.58769,0.53026,0.57098,0.59594,0.53734,0.44887,0.3118,0.33729,0.34258,0.34215,0.29396,0.34881,0.31619,0.49279,0.56395,0.68127,0.67656,0.60111,0.85387,0.48085,0.46212,0.6712,0.53935,0.49169,0.40772,0.33813,0.36114,0.25795,0.40029,0.28484,0.34197
117,,0.43131,0.4259,0.55688,0.65969,0.69959,0.52768,0.59078,0.79395,0.56809,0.57878,0.63052,0.51109,0.50553,0.47846,0.41713,0.31469,0.28598,0.23645,0.25097,0.27632,0.42044,0.59388,0.55004,0.64127,0.61913,0.57522,0.59824,0.58465,0.51006,0.53392,0.44748,0.44609,0.40933,0.35568,0.40433,0.31864,0.27398,0.31122,0.39348
118,,0.42914,0.52887,0.64842,0.73433,0.58471,0.73876,0.66731,0.52497,0.72542,0.67854,0.71227,0.59137,0.39748,0.39691,0.35904,0.39352,0.276,0.36853,0.3305,0.31123,0.42576,0.59977,0.79391,0.59771,0.63699,0.65269,0.55189,0.58648,0.65017,0.62474,0.6133,0.56067,0.3359,0.52021,0.33563,0.36681,0.41142,0.28415,0.35681
119,,0.35987,0.62809,0.66905,0.65969,0.67694,0.6629,0.67346,0.54033,0.61528,0.78287,0.62137,0.51929,0.5982,0.32707,0.40062,0.33025,0.27366,0.42007,0.34692,0.49825,0.51924,0.61355,0.58944,0.7365,0.67456,0.60682,0.5537,0.48602,0.67135,0.53017,0.64255,0.56966,0.41249,0.4743,0.3581,0.35591,0.32376,0.45896,0.35457
120,,0.57051,0.52856,0.61465,0.74964,0.76942,0.57848,0.49684,0.52438,0.6129,0.5618,0.55689,0.73894,0.67211,0.45589,0.34234,0.31963,0.37254,0.30252,0.32611,0.33651,0.47308,0.59547,0.66281,0.68127,0.59682,0.5648,0.65232,0.64681,0.49215,0.58186,0.71474,0.64422,0.45701,0.39648,0.35975,0.35338,0.35646,0.32866,0.49068
121,,0.42625,0.66938,0.62391,0.79367,0.75998,0.75725,0.61498,0.64673,0.73191,0.66156,0.92225,0.75852,0.69524,0.56498,0.35192,0.32944,0.3079,0.31558,0.39089,0.41605,0.41211,0.55347,0.70452,0.62209,0.52285,0.58651,0.54107,0.45138,0.55557,0.73731,0.60307,0.7189,0.54814,0.50961,0.37807,0.40156,0.33464,0.28491,0.57694
122,,0.495,0.49422,0.7122,0.79175,0.72412,0.66858,0.70029,0.49247,0.61247,0.56568,0.65384,0.59471,0.47231,0.54287,0.43755,0.29845,0.4069,0.31712,0.35144,0.49565,0.57562,0.51935,0.71048,0.68889,0.72834,0.56427,0.54692,0.59342,0.60743,0.68906,0.62841,0.62236,0.48878,0.45549,0.35892,0.34403,0.41802,0.33601,0.51711
123,,0.66249,0.64999,0.73658,0.71328,0.71846,0.60861,0.59362,0.53892,0.58826,0.54429,0.62919,0.56592,0.491,0.57246,0.49531,0.40177,0.33428,0.2415,0.37906,0.53069,0.49622,0.60474,0.5766,0.7746,0.67788,0.47413,0.49203,0.59506,0.53958,0.57239,0.74015,0.59085,0.519,0.54087,0.37302,0.3287,0.31036,0.33347,0.58417
124,,0.65251,0.82891,0.75346,0.66862,0.79962,0.65571,0.6662,0.50946,0.56406,0.79372,0.55099,0.72951,0.60744,0.52626,0.52498,0.39521,0.32799,0.35861,0.45512,0.27162,0.54942,0.76181,0.76213,0.7765,0.62789,0.5877,0.59482,0.61197,0.59536,0.62058,0.77338,0.55587,0.64249,0.49464,0.42873,0.52526,0.4289,0.48403,0.49714
125,,0.67825,0.73632,0.65342,0.62804,0.76376,0.60792,0.72241,0.68569,0.67442,0.53871,0.70408,0.60892,0.73276,0.52791,0.51061,0.38046,0.39199,0.36392,0.34828,0.54132,0.61339,0.5962,0.77537,0.70158,0.57351,0.64937,0.51957,0.45756,0.48862,0.55756,0.67304,0.68551,0.67646,0.47232,0.48036,0.35303,0.34843,0.4194,0.52191
126,,0.67562,0.69691,0.836,0.76432,0.67002,0.60963,0.45709,0.54433,0.78954,0.54049,0.6258,1,0.71725,0.58543,0.52824,0.47999,0.27217,0.36923,0.3497,0.4459,0.61162,0.71809,0.6734,0.60368,0.69913,0.49896,0.58199,0.49719,0.55987,0.69204,0.56046,0.70554,0.77182,0.46987,0.44442,0.3716,0.47487,0.42922,0.54277
127,,0.70123,0.74758,0.75847,0.63927,0.58452,0.51207,0.69268,0.58633,0.52573,0.69202,0.65878,0.80493,0.68932,0.57107,0.54188,0.52647,0.35574,0.417,0.41839,0.51821,0.55769,0.65151,0.69922,0.7473,0.61687,0.52053,0.54712,0.53676,0.65852,0.62891,0.64079,0.68854,0.62937,0.5714,0.37088,0.53454,0.58195,0.381,0.60228
128,,0.67103,0.88521,0.83538,0.59436,0.67379,0.57163,0.49773,0.42665,0.52746,0.62839,0.66505,0.59224,0.7511,0.52467,0.61987,0.40137,0.45118,0.54229,0.50591,0.48984,0.64767,0.74922,0.70518,0.55695,0.61448,0.49398,0.5406,0.60308,0.43497,0.69145,0.66979,0.62782,0.61269,0.66109,0.51022,0.48517,0.45441,0.53609,0.67318
129,,0.70057,0.90585,0.71657,0.79622,0.61799,0.76752,0.61643,0.52245,0.58135,0.56924,0.63111,0.6641,0.61174,0.66196,0.4645,0.48053,0.31931,0.3773,0.54481,0.53607,0.71256,0.85521,0.82238,0.6965,0.55585,0.56374,0.53805,0.5283,0.58393,0.59616,0.62033,0.65879,0.64666,0.54246,0.46163,0.41864,0.4559,0.45044,0.47385
130,,0.62677,0.66125,0.73283,0.67053,0.68826,0.57485,0.6138,0.64985,0.53063,0.63195,0.80272,0.70972,0.65187,0.64786,0.5707,0.52708,0.54824,0.41738,0.54623,0.60862,0.65074,0.66443,0.62798,0.65587,0.63373,0.54117,0.44205,0.47624,0.57379,0.49277,0.73624,0.64543,0.62639,0.532,0.551,0.5095,0.47687,0.53506,0.57208
131,,0.73537,0.66313,0.71595,0.67245,0.53727,0.58882,0.51495,0.61564,0.47552,0.66187,0.53173,0.78173,0.74757,0.61337,0.52784,0.41794,0.42006,0.39548,0.43883,0.37427,0.71195,0.65396,0.7416,0.54603,0.51064,0.36979,0.55337,0.48154,0.52476,0.51218,0.62346,0.72801,0.60613,0.5977,0.42694,0.55367,0.46658,0.5907,0.67446
132,,0.72946,0.71004,0.61115,0.65075,0.71028,0.67748,0.58346,0.50486,0.57306,0.68241,0.57799,0.62966,0.66372,0.59483,0.58181,0.55469,0.53942,0.44728,0.53781,0.66746,0.56497,0.77572,0.53475,0.52438,0.50001,0.50394,0.41229,0.54408,0.46776,0.49902,0.65676,0.58611,0.72354,0.72394,0.54146,0.44438,0.42087,0.52978,0.59441
133,,0.71502,0.77636,0.74909,0.61343,0.59729,0.5005,0.6689,0.50189,0.51349,0.52902,0.70489,0.65772,0.80681,0.59232,0.61155,0.61362,0.44249,0.5535,0.57299,0.64274,0.61462,0.76578,0.63261,0.71428,0.58201,0.56978,0.38515,0.52256,0.56263,0.48598,0.60672,0.69401,0.78255,0.62075,0.60588,0.51837,0.41828,0.54379,0.59979
134,,0.57701,0.61815,0.68218,0.76177,0.50324,0.65989,0.46068,0.51695,0.48438,0.56351,0.57674,0.65047,0.80399,0.58173,0.64535,0.47552,0.52645,0.56265,0.53304,0.91096,0.71256,0.6586,0.68267,0.49244,0.52305,0.50274,0.48437,0.52388,0.52899,0.63546,0.57655,0.64422,0.63593,0.63837,0.66615,0.57111,0.5218,0.57023,0.70198
135,,0.69795,0.86644,0.58126,0.5814,0.48921,0.55328,0.44941,0.44632,0.49461,0.61699,0.48864,0.67854,0.58275,0.55101,0.57808,0.5262,0.37818,0.47846,0.58705,0.57074,0.58021,0.64396,0.60348,0.49765,0.52843,0.488,0.45307,0.42557,0.52258,0.42696,0.55023,0.56073,0.75334,0.66367,0.65931,0.49143,0.531,0.55917,0.61822
136,,0.52796,0.75008,0.56744,0.57898,0.58616,0.4881,0.56845,0.49737,0.59237,0.54312,0.65155,0.62719,0.64425,0.62078,0.55932,0.56463,0.45034,0.5382,0.57336,0.68476,0.61137,0.5689,0.64115,0.57612,0.45307,0.37231,0.34826,0.43838,0.4419,0.47889,0.63877,0.70615,0.58789,0.59704,0.581,0.57399,0.49694,0.61082,0.6975
137,,0.6531,0.70629,0.69406,0.58421,0.50336,0.60196,0.45211,0.47629,0.43172,0.54467,0.39723,0.65076,0.60716,0.72286,0.59312,0.54548,0.5306,0.45381,0.64602,0.60349,0.63849,0.6631,0.53382,0.61612,0.4787,0.52703,0.43936,0.47801,0.48227,0.4004,0.4856,0.66668,0.57836,0.62664,0.52356,0.59692,0.60461,0.60389,0.73013
138,,0.71042,0.61608,0.62334,0.40691,0.47398,0.62839,0.49559,0.38733,0.6173,0.64063,0.61422,0.6744,0.64298,0.70432,0.50941,0.62925,0.5437,0.49799,0.55336,0.60485,0.55438,0.70086,0.70452,0.51314,0.5285,0.47181,0.39569,0.45617,0.4953,0.4886,0.44722,0.48331,0.56876,0.56756,0.50386,0.53412,0.4996,0.66804,0.62621
139,,0.556,0.56022,0.43038,0.59078,0.53658,0.54219,0.55166,0.4475,0.46076,0.30687,0.59776,0.56541,0.49403,0.64124,0.61614,0.61829,0.51342,0.43684,0.50182,0.48564,0.50718,0.56904,0.58487,0.44476,0.35992,0.50546,0.38877,0.38442,0.48092,0.50795,0.42468,0.48083,0.47561,0.56491,0.73264,0.4927,0.49299,0.62765,0.56133
140,,0.64542,0.4929,0.50023,0.56488,0.42277,0.42669,0.54046,0.53476,0.45334,0.58227,0.54973,0.61552,0.59002,0.63051,0.58101,0.50414,0.5977,0.43025,0.52195,0.62605,0.68012,0.52187,0.4288,0.56603,0.47445,0.35293,0.46785,0.35862,0.3765,0.48372,0.52123,0.61143,0.46953,0.59041,0.62039,0.54544,0.70761,0.61234,0.56657
141,,0.60668,0.61239,0.5358,0.39096,0.53526,0.41539,0.54592,0.43207,0.39751,0.47972,0.57814,0.45315,0.49241,0.6278,0.64728,0.43939,0.61884,0.59159,0.64044,0.5899,0.61768,0.58381,0.47039,0.40457,0.56488,0.38247,0.35021,0.40594,0.42463,0.45942,0.47081,0.62054,0.54707,0.57962,0.59648,0.58117,0.5152,0.49214,0.54437
142,,0.53183,0.50291,0.47978,0.46612,0.54419,0.49605,0.45439,0.45604,0.43835,0.60893,0.46695,0.56526,0.63156,0.4594,0.56737,0.51084,0.50934,0.5186,0.49037,0.52704,0.53326,0.54466,0.54038,0.55695,0.51754,0.43231,0.42928,0.38783,0.4376,0.3842,0.57948,0.45842,0.54468,0.59717,0.63159,0.56534,0.47694,0.678,0.61598
143,,0.55718,0.44292,0.47328,0.49068,0.38389,0.5057,0.37538,0.48,0.47041,0.38771,0.4232,0.47353,0.55539,0.62237,0.58094,0.55347,0.50259,0.57066,0.56345,0.63779,0.53442,0.67966,0.4,0.56209,0.42545,0.41725,0.40181,0.36581,0.34068,0.45078,0.46129,0.40766,0.60017,0.67162,0.59918,0.59678,0.58104,0.61227,0.55864
144,,0.55842,0.69628,0.56238,0.42165,0.45807,0.45668,0.42729,0.43593,0.39679,0.40802,0.52376,0.60341,0.49629,0.58318,0.54149,0.58791,0.47608,0.57194,0.50405,0.5407,0.52065,0.55937,0.46999,0.45066,0.3576,0.42249,0.37003,0.31287,0.42418,0.39724,0.63382,0.44585,0.62699,0.66433,0.49903,0.53363,0.59813,0.57573,0.64631
145,,0.55166,0.50648,0.39905,0.37201,0.48235,0.32803,0.43697,0.29643,0.32309,0.58475,0.51602,0.43611,0.4544,0.56829,0.46942,0.63886,0.50499,0.55753,0.59994,0.59107,0.46941,0.54439,0.52389,0.33524,0.37088,0.383,0.34242,0.3448,0.35461,0.24156,0.39985,0.37633,0.47519,0.60916,0.49605,0.53053,0.55579,0.62752,0.49062
146,,0.50058,0.61865,0.42694,0.34184,0.32167,0.40457,0.41692,0.28849,0.31978,0.36314,0.44046,0.44627,0.59813,0.46006,0.59285,0.47024,0.47044,0.55868,0.57082,0.41444,0.48545,0.45636,0.48045,0.43739,0.37201,0.40437,0.38871,0.29173,0.30063,0.37014,0.55655,0.4926,0.56387,0.60234,0.58197,0.57062,0.51339,0.56151,0.45651
147,,0.48968,0.38987,0.45102,0.33501,0.48462,0.33439,0.33763,0.37152,0.36062,0.49731,0.33319,0.41639,0.53028,0.51798,0.62266,0.56267,0.6226,0.34407,0.54543,0.61987,0.61401,0.55499,0.43298,0.32171,0.3975,0.29571,0.34457,0.40102,0.29774,0.33465,0.48592,0.46024,0.4262,0.47768,0.44774,0.63215,0.56214,0.63432,0.67702
148,,0.50288,0.41395,0.47121,0.3791,0.3391,0.23471,0.29207,0.36811,0.48993,0.38453,0.39767,0.58658,0.40171,0.55167,0.48919,0.63033,0.50454,0.59249,0.62248,0.62482,0.59656,0.35302,0.35286,0.31886,0.32938,0.36182,0.3662,0.4214,0.3971,0.32464,0.3792,0.42041,0.48937,0.69414,0.43613,0.57315,0.52362,0.55134,0.58827
149,,0.49999,0.37661,0.48766,0.39581,0.2899,0.49618,0.39487,0.45121,0.34521,0.22393,0.40785,0.33858,0.42887,0.54069,0.4659,0.56504,0.50169,0.54652,0.53255,0.51994,0.53381,0.44755,0.4392,0.47181,0.34259,0.35067,0.35082,0.31791,0.31937,0.31827,0.40415,0.42138,0.41726,0.39462,0.56448,0.46211,0.61218,0.68322,0.47155
150,,0.42855,0.39293,0.50029,0.40857,0.39515,0.28291,0.25592,0.38859,0.28441,0.23455,0.44533,0.40653,0.44727,0.4727,0.44654,0.40421,0.46298,0.50439,0.51458,0.55523,0.53865,0.33877,0.45661,0.29352,0.37214,0.31091,0.35599,0.35376,0.28491,0.39236,0.43328,0.4634,0.45123,0.51775,0.48085,0.4633,0.47823,0.54956,0.41376
151,,0.39329,0.5016,0.32077,0.35473,0.36137,0.27969,0.32062,0.31216,0.44037,0.30229,0.46009,0.44329,0.4398,0.50633,0.54175,0.45516,0.48801,0.56451,0.61084,0.56771,0.37422,0.36832,0.37623,0.4779,0.28755,0.34051,0.34464,0.32372,0.35686,0.37872,0.48638,0.37117,0.51453,0.48219,0.51174,0.50339,0.60266,0.52119,0.6623
152,,0.3822,0.37185,0.39086,0.39103,0.27726,0.31851,0.20255,0.28129,0.3174,0.28439,0.28877,0.38194,0.36285,0.51156,0.44873,0.61024,0.46512,0.55779,0.4786,0.40153,0.43917,0.37335,0.47502,0.39689,0.29665,0.30879,0.36217,0.30523,0.21572,0.30642,0.32317,0.39448,0.53026,0.46702,0.38954,0.4915,0.64364,0.56034,0.47878
153,,0.49237,0.44592,0.2957,0.30956,0.39427,0.28578,0.22903,0.35082,0.35392,0.37128,0.33525,0.45888,0.46371,0.45145,0.46204,0.5781,0.62973,0.551,0.49111,0.41012,0.45147,0.3662,0.37828,0.31974,0.33848,0.33839,0.35485,0.41099,0.33118,0.38426,0.24791,0.4702,0.41756,0.49259,0.56925,0.60951,0.67265,0.54035,0.49164
154,,0.40439,0.46237,0.3928,0.2358,0.29066,0.22772,0.17034,0.23766,0.27511,0.34376,0.37724,0.3797,0.39099,0.29762,0.56557,0.44176,0.52308,0.50874,0.46925,0.47198,0.44113,0.4651,0.37928,0.34806,0.24539,0.27805,0.29378,0.2993,0.27278,0.25681,0.34512,0.31045,0.39646,0.39164,0.48963,0.55873,0.45059,0.32152,0.39412
155,,0.33663,0.35928,0.3938,0.25635,0.33803,0.2877,0.31184,0.38955,0.39599,0.37353,0.30545,0.34946,0.38768,0.46992,0.46417,0.46361,0.44826,0.50189,0.56946,0.33966,0.4912,0.30287,0.32723,0.24336,0.23397,0.29525,0.32374,0.3624,0.3093,0.26127,0.25775,0.35247,0.40105,0.44165,0.46509,0.42125,0.45959,0.42407,0.50156
156,,0.45902,0.31392,0.33303,0.34375,0.23422,0.24217,0.21472,0.20761,0.34369,0.25028,0.26103,0.31472,0.33211,0.37301,0.33795,0.44386,0.5612,0.49504,0.31459,0.42068,0.35622,0.38547,0.41801,0.21282,0.25535,0.24301,0.32878,0.27387,0.28645,0.1776,0.26668,0.33462,0.37625,0.32826,0.55142,0.52631,0.45661,0.5056,0.42368
157,,0.43164,0.28771,0.27219,0.32889,0.28933,0.22622,0.15582,0.27721,0.22908,0.27036,0.20732,0.19478,0.36793,0.41889,0.49903,0.49081,0.57028,0.51182,0.39956,0.50548,0.4516,0.42734,0.33312,0.30774,0.24805,0.30122,0.26342,0.21234,0.28728,0.28498,0.34388,0.33923,0.40659,0.45185,0.45866,0.45803,0.32577,0.36252,0.42861
158,,0.37997,0.27701,0.39655,0.34554,0.19308,0.26511,0.29753,0.2827,0.28786,0.25222,0.19913,0.3256,0.38627,0.43623,0.52066,0.4877,0.43121,0.46143,0.48851,0.4454,0.42227,0.29744,0.2973,0.24584,0.24891,0.25701,0.30164,0.18199,0.2247,0.30415,0.34884,0.30262,0.26391,0.37105,0.41698,0.4069,0.47454,0.38471,0.49676
159,,0.34838,0.35515,0.28544,0.23599,0.24051,0.25751,0.26428,0.21028,0.24421,0.21486,0.3596,0.37136,0.39163,0.40849,0.33249,0.44264,0.48826,0.4743,0.36308,0.32792,0.35512,0.38018,0.25724,0.21524,0.23331,0.25788,0.17796,0.28807,0.24537,0.33077,0.27326,0.26212,0.36046,0.3474,0.41373,0.32103,0.46755,0.39838,0.33166
160,,0.35744,0.27088,0.23598,0.3197,0.19849,0.23724,0.2609,0.2387,0.25847,0.20626,0.17346,0.32299,0.42753,0.41352,0.41985,0.40177,0.51731,0.45151,0.44441,0.46636,0.32188,0.31963,0.24989,0.34952,0.24234,0.20537,0.26187,0.30447,0.18664,0.23215,0.30636,0.33055,0.30605,0.3319,0.48313,0.45676,0.37245,0.42063,0.42746
161,,0.3258,0.34138,0.24836,0.20996,0.27323,0.13632,0.29173,0.24879,0.26827,0.1544,0.23823,0.17585,0.49396,0.27928,0.36316,0.41111,0.39393,0.50394,0.5297,0.41376,0.32653,0.2508,0.32856,0.23257,0.30893,0.18971,0.31259,0.21941,0.19139,0.29183,0.18621,0.28252,0.30312,0.34919,0.41138,0.39248,0.51753,0.41734,0.35713
162,,0.408,0.17567,0.23367,0.17519,0.25064,0.25162,0.24119,0.28181,0.21122,0.28485,0.33511,0.27999,0.37273,0.32522,0.38459,0.42884,0.52736,0.42961,0.37336,0.35338,0.30082,0.36242,0.28022,0.21365,0.20695,0.19867,0.30513,0.21625,0.24781,0.22995,0.29189,0.29837,0.23751,0.33362,0.46371,0.38468,0.35419,0.40985,0.40161
163,,0.25837,0.30817,0.21891,0.27478,0.23976,0.18027,0.1178,0.19537,0.21647,0.19936,0.2583,0.31675,0.37802,0.37533,0.29476,0.38783,0.46,0.32333,0.36655,0.36574,0.36228,0.29763,0.25234,0.26159,0.32712,0.22827,0.31017,0.14659,0.19685,0.19743,0.21195,0.26898,0.31206,0.30574,0.36618,0.3377,0.38313,0.32131,0.28354
164,,0.29172,0.32837,0.19252,0.18853,0.1742,0.14707,0.21285,0.26527,0.11454,0.25308,0.18592,0.14228,0.27836,0.30232,0.34513,0.43486,0.52126,0.40355,0.31359,0.32823,0.24921,0.2245,0.23261,0.17581,0.25382,0.20849,0.19435,0.21777,0.10603,0.27569,0.18445,0.25471,0.32393,0.27375,0.37994,0.38222,0.34785,0.30943,0.32399
165,,0.28437,0.25931,0.22429,0.25252,0.2295,0.16911,0.14497,0.19248,0.24046,0.20579,0.22798,0.21508,0.30982,0.27028,0.35418,0.36442,0.33312,0.36469,0.34128,0.26766,0.31453,0.23344,0.3567,0.18438,0.15569,0.21334,0.12005,0.14798,0.23016,0.18403,0.27814,0.19891,0.30992,0.26222,0.205,0.4268,0.32862,0.41686,0.27318
166,,0.33407,0.21733,0.27931,0.18993,0.15992,0.21232,0.18001,0.16102,0.21892,0.15378,0.27003,0.22487,0.29755,0.27107,0.35099,0.37789,0.3621,0.40528,0.24596,0.22619,0.34196,0.24245,0.24645,0.16533,0.16054,0.20995,0.20416,0.1683,0.24287,0.24757,0.23443,0.28635,0.29216,0.27944,0.33024,0.28798,0.44606,0.34096,0.29378
167,,0.33492,0.27632,0.19459,0.2263,0.23882,0.19609,0.17649,0.17563,0.20632,0.21238,0.17464,0.19413,0.24141,0.2348,0.33941,0.4082,0.28637,0.32262,0.27364,0.25376,0.2666,0.30081,0.14435,0.18578,0.2355,0.16123,0.15902,0.12185,0.15988,0.20755,0.22706,0.14372,0.32249,0.31726,0.30964,0.37624,0.31813,0.33759,0.38209
168,,0.28673,0.24598,0.23029,0.16754,0.23561,0.19684,0.21161,0.1441,0.21158,0.21316,0.19375,0.26708,0.27731,0.29735,0.35265,0.23661,0.2428,0.41495,0.34754,0.25067,0.22546,0.26047,0.17798,0.21409,0.16612,0.17019,0.20987,0.19707,0.15256,0.26008,0.19136,0.22362,0.2825,0.24394,0.30612,0.31147,0.31897,0.31273,0.19588
169,,0.21805,0.26225,0.21541,0.20792,0.13061,0.13789,0.1478,0.19559,0.15856,0.16091,0.20371,0.21827,0.30883,0.16628,0.24992,0.24575,0.38071,0.30425,0.26733,0.2629,0.27186,0.2818,0.20752,0.12787,0.20396,0.1378,0.19805,0.21348,0.14127,0.20892,0.20015,0.20541,0.20163,0.28587,0.33701,0.39108,0.27139,0.31355,0.28015
170,,0.30459,0.1305,0.24336,0.15695,0.15867,0.11728,0.10549,0.11783,0.24896,0.23889,0.13553,0.22806,0.2613,0.25353,0.28385,0.29703,0.32501,0.3369,0.28349,0.25592,0.27254,0.19184,0.22063,0.18781,0.11785,0.21287,0.13181,0.0963,0.15789,0.12799,0.19273,0.26655,0.18744,0.34031,0.32063,0.26934,0.33665,0.27158,0.24508
171,,0.26854,0.23247,0.20897,0.22917,0.19855,0.20752,0.14925,0.23418,0.16,0.11417,0.2144,0.16106,0.26207,0.35732,0.34267,0.36104,0.30154,0.35764,0.29576,0.25666,0.20079,0.20489,0.09753,0.09352,0.11021,0.18459,0.1701,0.26592,0.27053,0.24358,0.17722,0.19163,0.21039,0.20486,0.21378,0.26569,0.25669,0.29377,0.19792
172,,0.33886,0.20588,0.21747,0.19006,0.20705,0.10578,0.11545,0.19789,0.1113,0.2599,0.19677,0.11653,0.24966,0.25909,0.2231,0.30705,0.27801,0.36238,0.30424,0.24962,0.20906,0.17667,0.18487,0.12184,0.14813,0.19362,0.12892,0.1447,0.10314,0.21452,0.17787,0.18088,0.21843,0.24686,0.27052,0.22265,0.32202,0.26884,0.25846
173,,0.23315,0.17923,0.20641,0.135,0.12136,0.1876,0.14192,0.10603,0.09401,0.25587,0.19751,0.15344,0.28126,0.23089,0.26948,0.26137,0.21804,0.39913,0.23537,0.177,0.23262,0.23523,0.17315,0.16997,0.23577,0.15705,0.07504,0.09806,0.20384,0.11113,0.12568,0.23073,0.21164,0.23103,0.23244,0.27603,0.3349,0.22673,0.2392
174,,0.16001,0.18761,0.18365,0.12766,0.09053,0.15836,0.06927,0.1855,0.16209,0.14053,0.22591,0.09072,0.20269,0.26882,0.20374,0.20718,0.28754,0.41591,0.28634,0.20852,0.1951,0.18217,0.10766,0.09924,0.09554,0.14105,0.13859,0.19713,0.15243,0.17116,0.1954,0.15179,0.10805,0.19036,0.2332,0.26365,0.26291,0.17172,0.23184
175,,0.14839,0.22734,0.18033,0.18004,0.15395,0.06915,0.1346,0.16762,0.18074,0.03959,0.13443,0.2454,0.08005,0.21163,0.2917,0.21631,0.35711,0.34868,0.36054,0.15506,0.21101,0.10831,0.18686,0.15143,0.18318,0.10853,0.08888,0.1623,0.15301,0.09737,0.15539,0.12581,0.18309,0.23242,0.25981,0.2204,0.25145,0.2496,0.12862
176,,0.24747,0.11849,0.12624,0.11286,0.1703,0.104,0.14393,0.11731,0.11843,0.11286,0.13052,0.24162,0.14239,0.12948,0.20507,0.24236,0.28896,0.22134,0.22961,0.21748,0.17716,0.10891,0.12541,0.16394,0.15483,0.07594,0.13147,0.11561,0.16566,0.1016,0.19266,0.17572,0.23584,0.19586,0.28642,0.26069,0.21973,0.28038,0.22518
177,,0.25226,0.10341,0.15419,0.07752,0.12362,0.18596,0.13584,0.1087,0.08753,0.09418,0.2189,0.16519,0.15184,0.22533,0.18072,0.33614,0.24909,0.30207,0.24187,0.24134,0.21603,0.17992,0.13845,0.14463,0.12635,0.08476,0.11105,0.20692,0.09807,0.14687,0.16881,0.16874,0.22153,0.20473,0.22663,0.14705,0.22847,0.25963,0.1658
178,,0.15843,0.10785,0.12737,0.126,0.17546,0.07518,0.14946,0.09082,0.0656,0.17735,0.17338,0.27484,0.13485,0.18872,0.19389,0.29453,0.27003,0.2627,0.24639,0.16847,0.23587,0.15574,0.08515,0.17308,0.08127,0.1228,0.10742,0.14438,0.16694,0.15491,0.16536,0.12751,0.17367,0.2344,0.15814,0.24888,0.26563,0.26032,0.16241
179,,0.12613,0.21026,0.1123,0.1505,0.10903,0.1787,0.11116,0.09142,0.09322,0.12952,0.16947,0.1393,0.17081,0.15205,0.34034,0.18932,0.24235,0.2593,0.25085,0.16903,0.17894,0.18946,0.10647,0.10603,0.15244,0.13581,0.11219,0.15681,0.13132,0.17408,0.09252,0.10899,0.19287,0.23507,0.20631,0.22314,0.24601,0.2051,0.14296
180,,0.11024,0.07757,0.10892,0.13513,0.09777,0.12352,0.15941,0.16176,0.11188,0.13503,0.14239,0.13996,0.1096,0.10697,0.23681,0.24926,0.25921,0.21986,0.2166,0.14635,0.11815,0.13196,0.11117,0.05485,0.11978,0.09067,0.1128,0.10993,0.1319,0.12983,0.12575,0.20468,0.11503,0.20665,0.20272,0.23707,0.14521,0.12391,0.16362
181,,0.18489,0.12518,0.08979,0.14368,0.09827,0.11126,0.09498,0.13453,0.14415,0.09673,0.09673,0.09964,0.15438,0.15735,0.22496,0.20325,0.23139,0.24855,0.24044,0.2283,0.134,0.10765,0.04528,0.12305,0.10371,0.0912,0.13443,0.18167,0.16059,0.17146,0.11812,0.1824,0.19775,0.15327,0.19028,0.10099,0.20671,0.17192,0.19626
182,,0.15252,0.14532,0.1335,0.07618,0.15407,0.13762,0.14331,0.09327,0.14926,0.18006,0.09267,0.14576,0.13731,0.23685,0.21305,0.33979,0.18316,0.24522,0.23722,0.15525,0.17294,0.13315,0.06242,0.09568,0.06673,0.1459,0.12657,0.09907,0.13299,0.16831,0.09004,0.20207,0.16843,0.14558,0.17362,0.18988,0.13006,0.22859,0.22096
183,,0.16546,0.13413,0.14975,0.08868,0.09928,0.03068,0.07003,0.09846,0.04584,0.15154,0.07939,0.08716,0.14676,0.21255,0.13847,0.16205,0.1593,0.15737,0.17944,0.12861,0.11968,0.12951,0.08793,0.19194,0.11732,0.07979,0.11024,0.1115,0.15372,0.07903,0.11513,0.13018,0.18762,0.14201,0.17418,0.19937,0.21604,0.18607,0.21354
184,,0.1826,0.07958,0.1974,0.10521,0.09984,0.06563,0.15312,0.10841,0.10525,0.06453,0.20053,0.14699,0.14296,0.19653,0.17666,0.1839,0.17615,0.19816,0.17999,0.26117,0.11637,0.12176,0.10508,0.1167,0.11367,0.0344,0.11078,0.11598,0.11392,0.13942,0.10744,0.08488,0.13201,0.19665,0.18786,0.17785,0.2451,0.14781,0.14174
185,,0.16664,0.12731,0.09579,0.14183,0.10425,0.13495,0.10155,0.06234,0.09221,0.09433,0.05734,0.15214,0.22328,0.20964,0.19815,0.18871,0.2583,0.23094,0.18445,0.18405,0.13609,0.09731,0.0931,0.10521,0.13093,0.09333,0.09022,0.10463,0.18709,0.17736,0.09161,0.10826,0.13249,0.15141,0.14936,0.18728,0.12359,0.15269,0.20266
186,,0.13828,0.11204,0.0412,0.12632,0.10871,0.08819,0.18471,0.16094,0.06558,0.09983,0.0486,0.13901,0.06863,0.18522,0.16941,0.20637,0.20993,0.19124,0.12654,0.22737,0.14814,0.0895,0.11442,0.03383,0.11891,0.13561,0.13302,0.10109,0.1715,0.07296,0.13311,0.15076,0.17052,0.14366,0.2021,0.1481,0.18522,0.11876,0.14686
187,,0.13053,0.12437,0.10855,0.05855,0.12111,0.09305,0.05909,0.04474,0.08882,0.11991,0.15132,0.13503,0.0914,0.12743,0.11132,0.24953,0.22277,0.18772,0.09972,0.18899,0.14098,0.14004,0.12329,0.10222,0.14036,0.11105,0.07853,0.11352,0.13568,0.11089,0.13774,0.16661,0.09596,0.15254,0.1374,0.12651,0.16949,0.17117,0.0869
188,,0.07728,0.0894,0.07753,0.07107,0.05424,0.07627,0.12056,0.05463,0.05756,0.09611,0.11473,0.10363,0.14077,0.178,0.14119,0.1521,0.19885,0.13586,0.20557,0.08442,0.10676,0.11136,0.14885,0.07873,0.02378,0.06141,0.13409,0.0703,0.12002,0.10387,0.0849,0.03704,0.14149,0.0863,0.1336,0.14923,0.14146,0.16306,0.16401
189,,0.09021,0.1096,0.12531,0.06756,0.06656,0.09839,0.07314,0.10663,0.0899,0.16998,0.00834,0.095,0.0702,0.14517,0.13753,0.13986,0.2771,0.11217,0.15924,0.15895,0.16131,0.11606,0.10349,0.09524,0.12051,0.08284,0.07108,0.06676,0.08414,0.14937,0.06486,0.10255,0.17957,0.12022,0.15593,0.17638,0.19506,0.21128,0.11211
190,,0.0824,0.08245,0.11005,0.06801,0.11469,0.08593,0.03877,0.05099,0.08587,0.19014,0.15774,0.11849,0.10628,0.14987,0.18844,0.14466,0.13861,0.22979,0.17151,0.15555,0.18494,0.19178,0.11654,0.07168,0.12097,0.15453,0.09701,0.08317,0.1575,0.13108,0.08177,0.15283,0.13493,0.13744,0.19139,0.14149,0.15881,0.25084,0.14891
191,,0.09113,0.09077,0.09473,0.09666,0.08336,0.08641,0.06106,0.08429,0.13637,0.08805,0.11178,0.09608,0.13351,0.06686,0.16375,0.13668,0.25778,0.16563,0.1603,0.1131,0.08883,0.06271,0.07105,0.11219,0.10059,0.15499,0.11024,0.12741,0.14987,0.07516,0.06581,0.12265,0.12039,0.12121,0.14397,0.17314,0.08986,0.16038,0.12926
192,,0.13316,0.11498,0.08729,0.12128,0.07984,0.10421,0.07902,0.11293,0.05959,0.07883,0.07968,0.05541,0.10734,0.13418,0.15171,0.12862,0.12325,0.07318,0.1686,0.1448,0.13957,0.23053,0.08403,0.04451,0.10942,0.04652,0.14041,0.09604,0.10173,0.06057,0.10327,0.08859,0.13964,0.15936,0.15323,0.06706,0.08215,0.13057,0.10955
193,,0.12114,0.13125,0.11143,0.06935,0.13199,0.08305,0.06641,0.09001,0.12383,0.13324,0.09422,0.08796,0.06328,0.15563,0.16481,0.19331,0.12377,0.07766,0.07123,0.10234,0.17484,0.06783,0.14726,0.08108,0.09315,0.12671,0.08572,0.09648,0.04947,0.09863,0.09141,0.15428,0.12129,0.14737,0.15379,0.19642,0.13175,0.10502,0.13828
194,,0.08431,0.09215,0.10005,0.04962,0.10462,0.02726,0.08876,0.0952,0.07427,0.05045,0.08071,0.07933,0.09055,0.10174,0.09801,0.2109,0.13246,0.14694,0.13044,0.08325,0.15598,0.12275,0.05149,0.06147,0.081,0.07262,0.09049,0.08898,0.08645,0.17438,0.06717,0.08179,0.11795,0.09756,0.12365,0.14367,0.10766,0.14898,0.1388
195,,0.11799,0.0847,0.07672,0.11056,0.0653,0.10571,0.10231,0.10989,0.05649,0.09022,0.05322,0.11197,0.13562,0.10638,0.07745,0.15582,0.1698,0.15148,0.12697,0.07194,0.04801,0.08969,0.11482,0.08603,0.09408,0.03106,0.10796,0.1134,0.10314,0.05801,0.1006,0.07839,0.15609,0.09385,0.13734,0.14417,0.10812,0.11471,0.11499
196,,0.16421,0.06925,0.0811,0.07471,0.02589,0.11482,0.12036,0.06806,0.06153,0.07602,0.07235,0.07571,0.08259,0.14457,0.10739,0.13492,0.19904,0.17223,0.16661,0.06452,0.10652,0.11109,0.0733,0.09454,0.10716,0.05669,0.05314,0.08588,0.0914,0.10744,0.01852,0.11336,0.08487,0.09432,0.1947,0.15359,0.11679,0.15866,0.14782
197,,0.12725,0.08158,0.11718,0.0913,0.05022,0.04593,0.08137,0.04035,0.0894,0.06671,0.04011,0.07161,0.07857,0.13246,0.09522,0.1268,0.12565,0.07946,0.03762,0.11192,0.0682,0.06121,0.01923,0.10311,0.03611,0.07394,0.08337,0.1103,0.09589,0.12292,0.09734,0.10613,0.11169,0.09895,0.16457,0.15408,0.06804,0.15489,0.13208
198,,0.10276,0.04235,0.06215,0.04319,0.07059,0.13317,0.02928,0.0926,0.07614,0.07705,0.09673,0.06748,0.04775,0.09095,0.09568,0.12727,0.1425,0.12453,0.05371,0.09276,0.10352,0.09526,0.08681,0.01505,0.04916,0.07859,0.08377,0.09074,0.03531,0.02145,0.02759,0.08343,0.08189,0.10783,0.10374,0.11449,0.0931,0.08572,0.0798
199,,0.04903,0.07845,0.08635,0.04359,0.05909,0.04678,0.07791,0.06481,0.0675,0.14146,0.01765,0.08173,0.1108,0.1124,0.10879,0.11489,0.05252,0.05999,0.1445,0.16767,0.08846,0.11672,0.10826,0.12832,0.058,0.01168,0.05868,0.11112,0.00314,0.04824,0.09408,0.05305,0.1012,0.12088,0.08667,0.1417,0.12637,0.06869,0.12894
200,,0.11195,0.0471,0.05104,0.06833,0.07556,0.06459,0.06961,0.08889,0.09538,0.05344,0.03213,0.07302,0.07102,0.12968,0.09655,0.11536,0.08999,0.12946,0.14884,0.11322,0.09274,0.03724,0.07926,0.10882,0.06686,0.0837,0.09748,0.06354,0.11348,0.10154,0.09043,0.12283,0.09786,0.04568,0.11784,0.07975,0.16794,0.13888,0.07257
201,,0.07905,0.07526,0.11893,0.04846,0.0401,0.05196,0.12271,0.09876,0.03637,0.02438,0.09348,0.11951,0.11623,0.13014,0.05897,0.05996,0.1357,0.09738,0.10604,0.09011,0.10866,0.0587,0.07131,0.05709,0.10099,0.01249,0.08512,0.12406,0.11392,0.07927,0.066,0.09624,0.10204,0.13863,0.07879,0.0891,0.11083,0.0783,0.0892
202,,0.08779,0.07964,0.05976,0.06909,0.06461,0.05673,0.02214,0.06149,0.04138,0.07898,0.12211,0.12458,0.03156,0.07586,0.10586,0.08187,0.165,0.04899,0.14977,0.07874,0.07407,0.09698,0.06329,0.05382,0.05924,0.10992,0.10688,0.03625,0.05728,0.14395,0.10783,0.09278,0.09107,0.08014,0.08363,0.12982,0.1647,0.14424,0.0693
203,,0.06737,0.09603,0.04426,0.10202,0.06927,0.06152,0.02694,0.08555,0.08306,0.03514,0.07098,0.06055,0.08132,0.08056,0.05978,0.11245,0.13246,0.11044,0.09501,0.10661,0.01218,0.07638,0.03425,0.08705,0.08074,0.02597,0.08599,0.09282,0.06175,0.08755,0.11239,0.08543,0.10281,0.08478,0.0445,0.16161,0.0705,0.12721,0.11851
204,,0.0719,0.02075,0.06847,0.02531,0.11003,0.04014,0.0889,0.06711,0.12931,0.06023,0.06204,0.04712,0.09972,0.11465,0.13214,0.13437,0.03801,0.11089,0.11514,0.06378,0.1138,0.09367,0.02198,0.05978,0.02625,0.10242,0.12919,0.11327,0.04578,0.02734,0.10451,0.09739,0.11837,0.09359,0.12407,0.1128,0.12857,0.07961,0.0782
205,,0.03471,0.06888,0.13256,0.08262,0.05482,0.10592,0.05415,0.07702,0.07478,0.10014,0.03428,0.0568,0.07321,0.07712,0.12416,0.10474,0.12098,0.10724,0.09582,0.13102,0.06354,0.05609,0.04768,0.07721,0.04776,0.07335,0.03122,0.04138,0.07477,0.05423,0.04689,0.05141,0.08082,0.10246,0.13333,0.06852,0.03835,0.15434,0.08274
206,,0.03089,0.08921,0.06128,0.05057,0.02774,0.05837,0.05453,0.11523,0.02012,0.07102,0.03939,0.09877,0.08259,0.07334,0.07792,0.13958,0.07592,0.07907,0.17516,0.10784,0.07168,0.0607,0.14931,0.06654,0.03546,0.03582,0.04016,0.11005,0.04654,0.10011,0.05971,0.06339,0.08118,0.06491,0.08978,0.07342,0.1377,0.06294,0.14424
207,,0.05637,0.10954,0.0816,0.03479,0.08103,0.0544,0.10784,0.04951,0.0343,0.06161,0.03042,0.08071,0.01558,0.07374,0.09528,0.04515,0.15897,0.09578,0.09662,0.11217,0.06428,0.04841,0.05693,0.08444,0.03583,0.10408,0.11333,0.08235,0.14512,0.08528,0.07669,0.08695,0.05877,0.03997,0.10782,0.0962,0.05145,0.06334,0.04678
208,,0.01906,0.0421,0.07403,0.07197,0.08644,0.09852,0.02888,0.01207,0.00254,0.0324,0.06378,0.03492,0.03846,0.0699,0.11265,0.02828,0.13874,0.02266,0.0812,0.10074,0.04511,0.08685,0.04891,0.03794,0.07436,0.08357,0.03665,0.05857,0.10866,0.08564,0.07297,0.12605,0.04772,0.07412,0.12586,0.12356,0.08073,0.05937,0.06751
209,,0.00264,0.12631,0.03845,0.06846,0.05195,0.06394,0.06456,0.00299,0.0765,0.04272,0.05478,0.03067,0.07483,0.07447,0.0409,0.08478,0.10607,0.10065,0.05389,0.08139,0.07279,0.05764,0.08317,0.04436,0.04081,0.0462,0.037,0.04282,0.08042,0.04041,0.1191,0.09156,0.10132,0.08299,0.06015,0.10155,0.09763,0.09486,0.1251
210,,0.08266,0.03082,0.05879,0.07324,0.05387,0.05121,0.01199,0.02233,0.04932,0.02831,0.1117,0.02183,0.07525,0.04951,0.08803,0.12402,0.06503,0.10103,0.07402,0.08566,0.10835,0.04111,0.06674,0.07949,0.05811,0.11915,0.05456,0.06733,0.09313,0.05973,0.06952,0.06479,0.12069,0.03685,0.08259,0.08854,0.07736,0.09087,0.03969
211,,0.03269,0.04714,0.07116,0.02514,0.06417,0.04283,0.06975,0.07487,0.02211,0.05846,0.07444,0.02219,0.08019,0.08374,0.05863,0.12883,0.10685,0.10551,0.01895,0.09394,0.09703,0.03301,0.05882,0.07041,0.08392,0.09047,0.09788,0.0516,0.03605,0.0829,0.1032,0.02247,0.05252,0.10492,0.15807,0.08446,0.05704,0.04735,0.06866
212,,0.07505,0.05551,0.0756,0.10361,0.07078,0.08264,0.0304,0.07531,0.05479,0.05397,0.0324,0.00402,0.04,0.05024,0.12709,0.06001,0.13213,0.0322,0.0708,0.05481,0.0622,0.07572,0.03403,0.09009,0.06739,0.02802,0.05106,0.02774,0.06102,0.09851,0.00362,0.05772,0.04904,0.07994,0.05688,0.07138,0.09879,0.0653,0.04857
213,,0.04181,0.04385,0.04398,0.05986,0.06971,0.06549,0.03963,0.02826,0.0368,0.10402,0,0.08325,0.08548,0.02517,0.08916,0.05171,0.11177,0.10628,0.11075,0.0591,0.03908,0.0889,0.022,0.05733,0.08897,0.08038,0.05576,0.07251,0.02852,0.05314,0.04147,0.11634,0.04173,0.05911,0.04399,0.0763,0.05364,0.07446,0.02026
214,,0.05899,0.02019,0.07241,0.06941,0.02462,0.06148,0.07984,0.03341,0.04187,0.05496,0.07094,0.0558,0.04524,0.01279,0.05547,0.08241,0.06234,0.06569,0.08733,0.03965,0.10217,0.08506,0.06515,0.14267,0.0511,0.06087,0.03037,0.05268,0.06996,0.09541,0.03346,0.10116,0.09548,0.04248,0.10188,0.06311,0.03325,0.06604,0.04105
215,,0.08043,0.04458,0.0569,0.03014,0.05239,0.07066,0.09803,0.07186,0.00547,0.04061,0.06662,0.03296,0.10882,0.07672,0.02173,0.05243,0.05438,0.06192,0.05991,0.10333,0.06342,0.06856,0.05338,0.0819,0.0387,0.0501,0.06094,0.06519,0.06208,0.03472,0.09636,0.0898,0.08433,0.07253,0.04028,0.07251,0.09161,0.10166,0.10699
216,,0.04297,0.09315,0.02138,0.06064,0.08449,0.03153,0.05418,0.05805,0.07989,0.05113,0.09068,0.06122,0.07314,0.03043,0.10733,0.0701,0.09213,0.05406,0.08009,0.03633,0.12672,0.0478,0.07568,0.07009,0.09441,0.06094,0.07007,0.05752,0.0583,0.0541,0.07173,0.10182,0.07325,0.07716,0.09822,0.06388,0.08371,0.08442,0.07045
217,,0.0476,0.04542,0.06609,0.05467,0.09273,0.08463,0.07238,0.0347,0.06208,0.00208,0.06741,0.043,0.05086,0.05621,0.05651,0.04446,0.03843,0.06259,0.06056,0.09215,0.02129,0.05256,0.02608,0.0624,0.03518,0.05085,0.01029,0.04581,0.01748,0.04296,0.04281,0.03989,0.06592,0.06902,0.02325,0.07328,0.07575,0.06274,0.07084
218,,0.06914,0.0459,0.07084,0.09404,0.10104,0.08504,0.05519,0.05899,0.05361,0.07247,0.0015,0,0.05576,0.04383,0.05259,0.06216,0.10121,0.04241,0.05693,0.10043,0.02974,0.05738,0.10416,0.06112,0.0739,0.04963,0.06695,0.0625,0.04662,0.07385,0.03896,0.048,0.07772,0.09061,0.08571,0.06461,0.05118,0.13806,0.06706
219,,0.04433,0.0625,0.07172,0.05188,0.10142,0.08107,0.05578,0.03096,0.04062,0.00869,0.02078,0.09028,0.11954,0.0484,0.07,0.07551,0.03492,0.03037,0.12487,0.06508,0.06973,0.08784,0.055,0.12229,0.01887,0.09558,0.05041,0.03467,0.02633,0.07034,0.05184,0.08337,0.10096,0.07822,0.07713,0.01983,0.04319,0.04585,0.09208
220,,0.05758,0.07113,0.06872,0.0756,0.08896,0.07716,0.01652,0.06496,0,0.00976,0.00693,0.09065,0.07913,0.05725,0.04046,0.04982,0.10192,0.07593,0.14512,0.10908,0.05489,0.07161,0.09124,0.11016,0.04061,0.12067,0.04265,0.05959,0.07201,0.04771,0.08144,0.08373,0.06306,0.05728,0.12642,0.02467,0.11006,0.02855,0.04722
221,,0.07091,0.04776,0.07797,0.06273,0.06474,0.06446,0.03956,0.07517,0.00124,0.05088,0.04047,0.03978,0.11573,0.06183,0.10493,0.0284,0.06892,0.11742,0.038,0.05778,0.07952,0.04703,0.02564,0.08571,0.08372,0.07779,0.05663,0.12116,0.06823,0.03268,0.05668,0.08015,0.06717,0.04909,0.06457,0.13805,0.03968,0.0554,0.08869
222,,0.02948,0.08883,0.10761,0.11988,0.06474,0,0.08496,0.1047,0.08148,0.07233,0.04557,0.04478,0.0617,0.10902,0.03253,0.06786,0.06924,0.07248,0.03035,0.05016,0.05713,0.08651,0.04123,0.07759,0.033,0.11616,0.03191,0.09365,0.06444,0.07897,0.04443,0.05312,0.03681,0.02813,0.04269,0.057,0.06914,0.06018,0.0274
223,,0.07268,0.0335,0.08116,0.10757,0.07292,0.07887,0.03721,0,0.06936,0.0243,0.04592,0.01713,0.0439,0.00284,0.01572,0.09439,0.08623,0.08106,0.05061,0.06644,0.08619,0.08784,0.10839,0.06946,0.04209,0.06936,0.03767,0.06222,0.02349,0.04862,0.04473,0.08859,0.0486,0.05826,0.06082,0.05284,0.04032,0.04289,0.04429
224,,0.02305,0.04276,0.06709,0.10769,0.04862,0.04883,0.01188,0.01134,0.02972,0.03143,0.01302,0.03613,0.06693,0.08844,0.02458,0.02499,0.02812,0.06077,0.02705,0.10661,0.02877,0.05107,0.03517,0.05724,0.03421,0.0311,0.0567,0.04312,0.0445,0.05277,0.07024,0.03807,0.04505,0.033,0.0656,0.08938,0.04896,0.06543,0.05712
225,,0.07091,0.06437,0.0452,0.08734,0.08921,0.0321,0.07141,0.0701,0.05071,0.04892,0.05615,0.05516,0.03092,0.093,0.03774,0.03404,0.05349,0.03632,0.05138,0.0712,0.05442,0.06575,0.05179,0.05728,0.03498,0.06843,0.05006,0.0527,0.02006,0.01859,0.01178,0.09314,0.01077,0.05038,0.0214,0.07166,0.07853,0.09685,0.07007
226,,0.03018,0.02572,0.05991,0.09053,0.0933,0.05525,0.05107,0.03829,0.03959,0.06683,0.01371,0.02746,0.09493,0.04213,0.0638,0.06487,0.07469,0.05727,0.0598,0.03976,0.07248,0.07221,0.12415,0.06959,0.02735,0.07706,0.06539,0.02999,0.02044,0.0919,0.01207,0.10128,0.06484,0.04643,0.03508,0.04027,0.06215,0.00882,0.01705
227,,0.04473,0.0519,0.09511,0.06174,0.07713,0.11838,0.05331,0.11204,0.03809,0.01012,0.02356,0.03714,0.06796,0.02108,0.03406,0.0521,0.02064,0.10718,0.07228,0.07614,0.09091,0.06191,0.10283,0.09829,0.05413,0.05995,0.06805,0.04013,0.06226,0.03468,0.09643,0.03108,0.06127,0.08094,0.03092,0.04966,0.08338,0.00494,0.07967
228,,0.07656,0.07032,0.04995,0.13589,0.06902,0,0.08268,0.01863,0.06486,0.03879,0.03821,0.03745,0.04098,0.08122,0.07732,0.13106,0.08791,0.07024,0.07284,0.03681,0.03459,0.03054,0.09012,0.06559,0.07688,0.09857,0.05377,0.07907,0.02963,0.03127,0.05048,0.02744,0.08851,0.01283,0.03569,0.04548,0.07542,0.05434,0.08472
229,,0.03669,0.06083,0.08979,0.03297,0.09349,0.02899,0.03656,0.05483,0.07802,0.10294,0,0.01906,0.04586,0.03876,0.05186,0.01777,0.05472,0.05817,0.02952,0.06141,0.09317,0.08506,0.04277,0.0779,0.0313,0.09001,0.09184,0.03688,0.06752,0.03946,0.0087,0.07869,0.03875,0.06018,0.036,0.00951,0.06328,0.0862,0.04033
230,,0.0013,0.08395,0.06528,0.06597,0.05286,0.04439,0.03982,0.03868,0.02634,0.10232,0.09149,0.04281,0.02794,0.06471,0.06933,0.03555,0.08435,0.02952,0.04229,0.06223,0.00958,0.06717,0.07277,0.11079,0.01169,0.07288,0.08686,0.10507,0.06816,0.06313,0.02583,0.03582,0.04286,0,0.03629,0.07349,0.07212,0.0161,0.02917
231,,0.06809,0.05483,0.10561,0.06603,0.06103,0.04242,0.03895,0.05169,0.05865,0.08193,0.03949,0.02437,0,0.07785,0.03954,0.02271,0.0721,0.04221,0.02722,0.07515,0.05284,0.09234,0.0471,0.06978,0.02671,0.13733,0.056,0.06342,0.03578,0.04845,0.03877,0.02038,0.03927,0.06507,0.05002,0.06942,0.15214,0.03943,0.03065
232,,0.07584,0.12305,0.03273,0.09079,0.04477,0.03191,0.06968,0.01223,0.1051,0.03662,0.0591,0.02,0.00116,0.04391,0.06137,0.08864,0.08493,0.10046,0.10443,0.1003,0.07646,0.07916,0.0257,0.0575,0.05924,0.08589,0.14269,0.0833,0.02841,0.08397,0.04751,0.04027,0.00483,0.03965,0.0682,0.03347,0.07736,0.08964,0.03239
233,,0.10932,0.10654,0.10117,0.07024,0.03667,0.07052,0.05589,0.09312,0.07708,0.07164,0.01673,0.03442,0.08364,0.02276,0.07459,0.0627,0.00971,0.05109,0.10176,0.05764,0.11209,0.08334,0.0686,0.07809,0.08784,0.05586,0.07739,0.05024,0.03786,0.06956,0.08581,0.02875,0.04751,0.03995,0.07299,0.03855,0.15771,0.07343,0.02202
234,,0.09619,0.04151,0.09723,0.07439,0.09374,0.06509,0.07362,0.05422,0.13068,0.09542,0.0461,0.04887,0,0.03163,0.04042,0.00603,0.06457,0.11364,0.03518,0.09122,0.07536,0.09612,0.01287,0.02469,0.03937,0.05159,0.07296,0.10728,0.10571,0.01675,0.11154,0.05261,0.01689,0.08743,0.03751,0.04371,0.04953,0.11093,0.0741
235,,0.1258,0.09002,0.06891,0.07854,0.11419,0.02445,0.06004,0.06835,0.0747,0.08038,0.04692,0.03516,0.00656,0.03189,0.03206,0.02384,0.09427,0.04342,0.05708,0.02101,0.13094,0.08155,0.05149,0.06173,0.00405,0.06024,0.06097,0.05398,0.04496,0.07986,0.02744,0.15914,0.05966,0.03621,0.05123,0.0763,0.10501,0.08194,0.12657
236,,0.17255,0.04057,0.0811,0.10757,0.07342,0.03728,0.10314,0.09705,0.11677,0.07037,0.01442,0.06374,0.05715,0.03216,0.06257,0.03727,0.09038,0.08944,0.04314,0.03918,0.06354,0.09022,0.06442,0.07003,0.03784,0.07746,0.06967,0.06139,0.04266,0.08927,0.01517,0.04134,0.06377,0.06225,0.06048,0.08172,0.03482,0.06217,0.05901
237,,0.11503,0.0812,0.09335,0.08696,0.04083,0.03697,0.04934,0.05779,0.10287,0.09053,0.06825,0.036,0.02085,0.01526,0.02399,0.04634,0.036,0.04412,0.08578,0.0657,0.07548,0.03869,0.04297,0.01648,0.01586,0.056,0.0872,0.10235,0.074,0.06807,0.07903,0.03765,0.03695,0.09266,0.02938,0,0.053,0.12295,0.02075
238,,0.07249,0.04062,0.05683,0.03314,0.08575,0.06339,0.02693,0.08674,0.08421,0.08557,0.09842,0.02237,0.00741,0.01981,0.03721,0.01587,0.03627,0.07779,0.07241,0.11254,0.0914,0.07313,0.0688,0.05359,0.07157,0.03017,0.0567,0.0655,0.03898,0.12054,0.03731,0.02608,0.02945,0.08001,0.06556,0.06577,0.05881,0.06371,0.06161
239,,0.09383,0.14633,0.02843,0.04974,0.03678,0.05338,0.05389,0.09639,0.10294,0.06044,0.08101,0.05595,0.01683,0.05448,0.05475,0.02493,0.04075,0.04499,0.03115,0.09153,0.11135,0.08605,0.01721,0.03712,0.02824,0.08622,0.09163,0.11889,0.0501,0.04183,0.03795,0.08549,0.0568,0.01149,0.05688,0.01698,0.03126,0.0627,0.08197
240,,0.08109,0.13012,0.02845,0.04147,0.0368,0.03115,0.04044,0.07717,0.11706,0.07557,0.02545,0.05193,0.0263,0.03755,0.03777,0.0296,0.04103,0.05385,0.10684,0.0948,0.0756,0.01722,0.00861,0.03302,0.02589,0.05609,0.10044,0.07793,0.05735,0.06396,0.01328,0.04239,0.04156,0.02898,0.07064,0.05982,0.09232,0.07535,0.08581
241,,0.04698,0.06512,0.07322,0.04564,0.00818,0.04898,0.03147,0.06756,0.06561,0.05041,0.04215,0.05279,0.04037,0.01628,0.02073,0.04749,0.02024,0.00452,0.08616,0.11032,0.09954,0.0474,0.02584,0.02478,0.04318,0.0259,0.06987,0.0903,0.06906,0.05534,0.11161,0.05848,0.03406,0.02494,0.0305,0.0344,0.05274,0.11498,0.15633
242,,0.09402,0.02036,0.02442,0.02076,0.05322,0.05348,0.03598,0.06279,0.08911,0.08573,0.05441,0.0349,0.00398,0.04669,0.05132,0.01698,0.0754,0.06774,0.08981,0.11798,0.07573,0.04743,0.02586,0.01653,0.05185,0.04752,0.05247,0.06569,0.13941,0.04695,0.04917,0.03508,0.02267,0.05108,0.04424,0.01385,0.07659,0.10571,0.05831
243,,0.08976,0.06925,0.02442,0.03323,0.01638,0.0312,0.03601,0.09661,0.07975,0.06058,0.05741,0.02666,0.00889,0.04263,0.06462,0.03488,0.07573,0.03948,0.10158,0.11365,0.05579,0.04314,0.05173,0,0.00864,0.01728,0.09184,0.06164,0.10134,0.07361,0.02502,0.03933,0.03066,0.03414,0.01303,0.05769,0.07121,0.06062,0.09163
244,,0.03422,0.07745,0.04481,0.01247,0.0164,0.04461,0.09008,0.04351,0.08918,0.11611,0.04633,0.01392,0.00926,0,0.04762,0.04844,0.0381,0.00719,0.117,0.10871,0.10768,0.04316,0.02589,0.01241,0.06056,0.03892,0.03939,0.06992,0.08851,0.06938,0.03505,0,0.06586,0.05603,0.03579,0.01029,0.05349,0.08057,0.1084
245,,0.06848,0.04895,0.03261,0.04575,0.0041,0.05356,0.03155,0.01451,0.09394,0.11115,0.06921,0.00142,0.01888,0.00432,0.0393,0.05322,0.03849,0.02517,0.09693,0.05641,0.06385,0.04319,0.01294,0.02484,0.02164,0.03462,0.03941,0.11516,0.11713,0.06515,0.02836,0.05991,0.03118,0.03911,0.09013,0.0594,0.08656,0.0851,0.09592
246,,0.08135,0.08977,0.04486,0.02081,0.0082,0.03573,0.05861,0.01936,0.05638,0.04549,0.06346,0.06961,0.01475,0.04341,0.02666,0.07571,0.06008,0.0559,0.06466,0.11285,0.09183,0.04752,0.03886,0.0414,0.0433,0.03462,0.03944,0.07818,0.07118,0.12042,0.04319,0.02474,0.02368,0.04381,0.02281,0.04919,0.05226,0.07171,0.11685
247,,0.07715,0.0939,0.0449,0.0458,0.01232,0.04022,0.01354,0.06295,0.08933,0.10619,0.06757,0.04829,0.03835,0.08685,0.07053,0.0276,0.05216,0.0744,0.06875,0.10488,0.03196,0.03026,0.03458,0.029,0.02601,0.08231,0.0526,0.05766,0.11309,0.08159,0.07108,0.06096,0.03565,0.03129,0.01856,0.0438,0.06027,0.08064,0.08773
248,,0.04287,0.05311,0.03266,0.04583,0.00822,0.04918,0.01354,0.01454,0.07056,0.07592,0.0718,0.04145,0.05284,0.00935,0.04495,0,0.0147,0.07235,0.08089,0.10086,0.02798,0.02163,0.0173,0,0.03035,0.05201,0.03948,0.08241,0.0419,0.08945,0.07805,0.05766,9.64E-04,0.01448,0.01433,0.06153,0.06765,0.06279,0.06268
249,,0.03432,0.01635,0.02451,0.03335,0.00822,0.03131,0.02258,0.03392,0.06119,0.12154,0.06162,0.03495,0.0214,0.03986,0.01512,0.02874,0.01544,0.07049,0.10523,0.06458,0.032,0.08221,0.01297,0.02074,0.02168,0.02169,0.02194,0.07421,0.05032,0.08171,0.06822,0.02276,0.00132,0.03669,0.01461,0.06098,0.06346,0.07631,0.04181
250,,0.07728,0.02454,0.02045,0.01251,0.04935,0.02685,0.00904,0.04365,0.04709,0.09123,0.06271,0.02872,0.04083,0.00117,0,0.04277,0,0.06479,0.1336,0.06866,0.012,0.04764,0.01299,0.0166,0.05642,0,0.03075,0.05776,0.05036,0.08951,0.0161,0.04354,0.02124,0.0244,0.0556,0.07356,0.08889,0.08531,0.07109
251,,0.06012,0.03682,0.0368,0.00417,0.01646,0.03134,0.02261,0.01456,0.02827,0.03042,0.07717,0.06545,0.06508,0.03605,0.09502,0.05251,0.04286,0.05095,0.06479,0.06063,0.05205,0.02166,0.02598,0.03322,0.0304,0.03474,0.02636,0.07017,0.12175,0.05453,0.07916,0.04865,0.02566,0.04689,0.0243,0.0598,0.06772,0.08984,0.0837
252,,0.06445,0.02866,0.02046,0,0.01236,0.01792,0.02715,0.02428,0.0283,0.04566,0.05795,0.04075,0.05267,0.04067,0.02203,0.00934,0.03144,0.09181,0.05675,0.06067,0.01202,0.03035,0.03467,0.01247,0.02607,0.02606,0.03078,0.06195,0.07144,0.05067,0.07851,0.03015,0.02629,0.04793,0.03374,0.0782,0.1186,0.09437,0.05863
253,,0.0301,0.01229,0.03685,0.02089,0.03707,0.02242,0.02717,0.01944,0.03774,0.05077,0.03865,0.02571,0.04512,0.02798,0.03632,0.05051,0.04571,0.04489,0.06085,0.04452,0.02405,0.02603,0.03035,0.02079,0.01305,0.02174,0.0396,0.02067,0.07984,0.0273,0.05227,0.02777,0.00753,0.02314,0.02513,0.06907,0.05512,0.05397,0.02515
254,,0.04731,0.02049,0.01639,0.0209,0.01648,0.01346,0.01812,0.01944,0.03776,0.06602,0.05802,0.05347,0.03322,0.02829,0.06392,0.06535,0.00928,0.09028,0.07711,0.04455,0.03208,0.02604,0.00434,0.02079,0.04786,0.03479,0.0396,0.02481,0.06726,0.07022,0.09819,0.03755,0.03185,0.02023,0.01657,0.0599,0.11873,0.07652,0.04612
255,,0.02582,0.04511,0.01639,0.01673,0.00825,0.02244,0.02266,0.02432,0.07557,0.05591,0.03385,0.07131,0.10022,0.05036,0.01333,0.02282,0.08357,0.0687,0.07309,0.02836,0.01606,0.03475,0.00868,0.02081,0.02611,0.04351,0.02202,0.05378,0.07997,0.04685,0.06835,0.07547,0.01734,0.0393,0.03079,0.01844,0.0382,0.04953,0.04195
256,,0.01292,0.00821,0.04511,0.01256,0.01238,0.01796,0.02721,0.00974,0.03781,0.07626,0.03872,0.03806,0.04727,0.03342,0,0,0.03071,0.0504,0.04875,0.05269,0.02811,0.0478,0.02171,0.00833,0.04355,0.01742,0.02204,0.01656,0.07156,0.05079,0.03847,0.01813,0,0.04562,0.027,0.07841,0.06791,0.05407,0.05457
257,,0.01724,0.03694,0.03283,0.02093,0.01238,0.02246,0.02722,0.0146,0.03783,0.04577,0.07747,0.03331,0.03624,0.05127,0.0263,0.03172,0.06736,0.04622,0.0569,0.03649,0.04018,0.04783,0.01303,0.01667,0.00872,0.01742,0.02204,0.03727,0.05896,0.03909,0.0513,0.02869,0.02014,0.0131,0.03244,0.05537,0.03824,0.07658,0.0336
258,,0.02586,0.01643,0.00411,0.02932,0.01239,0.00899,0.03631,0.02436,0.00946,0.01527,0.01937,0.04761,0.03937,0.01275,0.02012,0.00772,0.03196,0.08407,0.05693,0.0284,0.01206,0.0087,0.00869,0.01668,0.02616,0.02178,0.03528,0.02072,0.08004,0.0782,0.10692,0.05546,0.05715,0.00693,0.02445,0.05541,0.05526,0.08119,0.02942
259,,0.0302,0.02055,0.00822,0.01677,0,0.01349,0.00908,0.02925,0.00473,0.00509,0.03878,0.081,0.02887,0.03519,0.00981,0.01953,0.0649,0.05889,0.03662,0.02842,0.00402,0.01741,0.0087,0.02086,0.00872,0.0218,0.00883,0.01244,0.0253,0.06652,0.07278,0.01461,0.03177,0.04889,0.00757,0.05544,0.02977,0.05415,0.06725
260,,0.00863,0.01645,0.01233,0.00839,0.02895,0.01799,0.01817,0.00975,0,0.02546,0.01939,0.05242,0.01389,0.00122,0.07845,0.07159,0.08947,0.0463,0.06925,0.03656,0.03622,0,0,0.00417,0.01309,0.03489,0,0.03732,0.02108,0.03914,0.05996,0.01376,0.03012,0.02581,0.06361,0.06472,0.10637,0.02257,0.02944
261,,0.01296,0.00412,0.01645,0.01679,0.01241,0.03153,0,0.0244,0.01895,0.0204,0.02912,0.04769,0.03613,0.024,0.03363,0.0483,0.0588,0.05474,0.03259,0.00813,0.01611,0.01742,0.02613,0.01253,0.01311,0,0.00442,0,0.04645,0.05092,0.03,0.021,0.03655,0.0465,0.02452,0.06939,0.08513,0.07226,0.03788
262,,0,0,0.01646,0.0084,0.02898,0.04055,0.02729,0.00488,0.00474,0.0051,0.03398,0.04772,0.05382,0.03827,0.05017,0.04291,0.08357,0.08003,0.02853,0.00813,0.02417,0.02615,0.02178,0.00836,0.04805,0.03057,0.00442,0.0083,0.02534,0.04703,0.04287,0.08391,0.03535,0.06296,0.03113,0.07405,0.05112,0.05423,0.02947
263,,0.01729,0.00412,0.00823,0.02521,0.00829,0.03156,0.02276,0,0.01423,0,0.01943,0.06206,0.03714,0.0528,0.04932,0.06881,0.07255,0.03794,0.03263,0.03256,0.02821,0.02181,0.00872,0.00836,0.01749,0.00874,0,0.01246,0.06758,0.03922,0.06435,0.06794,0.03826,0.04031,0.07444,0.0463,0.05968,0.05428,0.02107
264,,0.02163,0.03297,0.00412,0.01682,0.00829,0,0,0,0.01898,0.03064,0.0389,0.07165,0.06041,0,0.06137,0.0535,0.05126,0.02109,0.01632,0.02036,0.0242,0.00872,0.02181,0.00418,0.00875,0,0.02655,0.00832,0.02115,0.07063,0.04722,0.04401,0.0531,0.01309,0.06803,0.07876,0.0384,0.04073,0.00843
265,,0.01298,0.00825,0.00412,0.00841,0.00415,0.00902,0.02278,0.01956,0.0095,0.03065,0.01459,0.05736,0.04184,0.03028,0.04824,0.06244,0.0684,0.07177,0.0245,0.01222,0,0.00874,0.00873,0.00837,0.00438,0.01312,0,0,0.02538,0.0314,0.05153,0.068,0.03656,0.09604,0.03906,0.05099,0.02986,0.04979,0.02108
266,,0,0.01651,0.02062,0,0.01659,0.01806,0,0.01957,0,0,0.0438,0.02392,0.04186,0.04124,0.04388,0.09371,0.02565,0.05913,0.02451,0.0163,0.00403,0.00874,0,0.00418,0.00876,0.00876,0.01329,0.01249,0.01693,0.03142,0.03008,0.03604,0.03144,0.03057,0.0103,0.06493,0.05978,0.04531,0.00844
267,,0,0.01239,0,0,0.0083,0,0,0,0.00951,0.02046,0.02922,0.04307,0.03258,0.01317,0.02635,0.06697,0.06846,0.05916,0.02044,0.01224,0,0.00437,0.01311,0.02514,0,0.01314,0,0.01249,0.00847,0.0393,0.0559,0.0561,0.0236,0.03497,0.03644,0.06033,0.01281,0.04079,0.00422
268,,0.00867,0,0.01239,0.01686,0.0083,0.01808,0.00456,0.0049,0.01426,0.01535,0.01461,0.04788,0.06517,0.05085,0.07026,0.04467,0.05563,0.06341,0.02454,0.01632,0,0,0,0.00838,0,0.00438,0.02218,0,0.02119,0.02751,0.06022,0.03608,0.05115,0.06994,0.05359,0.07426,0.03846,0.00907,0.00422
269,,0.01301,0.00826,0,0.00422,0.00416,0.00904,0.02283,0,0.00952,0.00512,0.01949,0.02395,0.05591,0.08003,0.04395,0.06257,0.05568,0.04229,0.00409,0.00408,0.00809,0.02188,0.00875,0,0.00439,0.00439,0.00887,0,0.03392,0.04327,0.03013,0.04011,0.05511,0.08312,0.04801,0.04182,0.05559,0.00454,0.00845
270,,0.00868,0.00414,0.00827,0.00422,0.02495,0.0181,0,0,0.00952,0.01025,0.00975,0.06711,0.06526,0.05261,0.04838,0.04472,0.01714,0.01693,0.00819,0,0,0.00438,0.02188,0.00839,0.00878,0.00878,0,0.01668,0.00424,0.00787,0.04307,0.06424,0.02758,0.05691,0.05026,0.06043,0.07277,0.00454,0.00846
271,,0,0.00828,0,0.00843,0.01248,0.00453,0,0,0,0.00512,0.02927,0.03836,0.04663,0.07341,0.07918,0.03132,0.04717,0.07619,0,0,0.01619,0.00876,0.00438,0,0.00439,0.01317,0,0,0.02971,0,0.04308,0.04417,0.05518,0.06569,0.07313,0.0744,0.01284,0.0227,0.00847
272,,0.00869,0,0.00827,0,0.00832,0,0.00915,0,0,0,0.01953,0.05757,0.06066,0.05924,0.03082,0.02686,0.02574,0.02117,0.0164,0.00818,0.0081,0.00876,0.00876,0,0.01318,0.01757,0.01333,0.01253,0.0085,0.01577,0.04743,0.05224,0.05915,0.02191,0.06861,0.05584,0.01714,0.00909,0.00424
273,,0,0.00414,0.00828,0,0.00833,0.00453,0,0,0,0,0.01465,0.0336,0.02801,0.02629,0.03525,0.08512,0.01288,0.01695,0.0164,0,0.01621,0,0.00877,0.00841,0,0,0.01334,0,0,0.00394,0.04313,0.05225,0.06312,0.04385,0.07776,0.07447,0.00429,0.00455,0.00424
274,,0,0.01243,0,0,0,0.00453,0.00916,0,0,0,0.00977,0.01921,0.07007,0.03508,0.02645,0.03585,0.04723,0.01695,0.0123,0.00819,0.00406,0,0,0.00841,0,0.00439,0,0,0,0.01972,0.05179,0.00805,0.05133,0.04827,0.06867,0.01864,0.01715,0.00455,0
275,,0,0,0.00415,0.00423,0,0.01814,0,0.01967,0,0,0,0.01922,0.02805,0.05264,0.03087,0.03589,0.06872,0.03396,0,0,0.00406,0.00878,0.00439,0.00421,0,0,0,0,0.00851,0.01973,0.03454,0.02012,0.06318,0.0439,0.06413,0.00466,0.03003,0.01365,0
276,,0,0,0,0,0.00417,0,0,0.00984,0.00955,0,0.01957,0.01442,0.02338,0.03511,0.04411,0.04935,0.0129,0.03396,0,0,0.01218,0,0.01317,0.00842,0.01321,0.0132,0,0,0.01702,0.0079,0.03456,0.0765,0.01976,0.02196,0.04582,0.01399,0.01288,0.00455,0
277,,0,0,0.00415,0.01693,0,0.00909,0,0,0,0,0,0.02406,0.04211,0.03514,0.0883,0.04489,0.0258,0.0085,0.00822,0,0,0,0.01757,0.00843,0.0044,0,0.00445,0.02093,0.00426,0,0.02162,0.03625,0.05932,0.04394,0.01834,0.05132,0.01718,0,0
278,,0,0.00415,0,0,0.00835,0,0,0,0.00478,0.01029,0,0.01925,0.04213,0.0659,0.05742,0.02246,0.04734,0.02125,0.00411,0,0,0,0,0.00843,0.00882,0.01763,0,0,0.00426,0,0.02163,0.03629,0.02769,0.02198,0.04588,0.04669,0.0129,0,0
279,,0,0.00831,0,0.00424,0,0,0.00918,0,0.00957,0,0.0147,0.02408,0.01873,0.01319,0.08397,0.03594,0.02152,0.01701,0,0,0.00406,0,0.01319,0.00422,0.00882,0.00881,0,0,0,0.00791,0.00433,0.02016,0.02375,0.03519,0.05048,0.02335,0.0129,0,0
280,,0.00437,0,0.00831,0.01272,0,0,0,0,0,0,0,0.00482,0.05155,0.04839,0.02211,0.03597,0.05601,0.02553,0,0.00411,0,0.01321,0.0088,0.00844,0,0,0,0,0.00427,0.01187,0.0303,0.04438,0.0198,0.04841,0.04592,0.03738,0,0,0
281,,0,0,0,0.00849,0.00418,0,0,0,0,0,0,0.00964,0.04689,0.0088,0.04423,0.05849,0.03449,0,0,0,0,0,0.0044,0.01688,0,0,0,0,0,0.00396,0.013,0.02826,0.03171,0.03524,0.05974,0.04207,0.00861,0,0
282,,0.00437,0,0,0,0,0,0,0,0,0,0,0.00482,0.02346,0.03963,0.06639,0.0405,0.01725,0.01277,0.00824,0,0,0,0.01322,0.00422,0,0,0,0,0,0.00792,0.00867,0.03231,0.03964,0.05286,0.06897,0.02806,0.00431,0,0
283,,0.00874,0.00833,0.00832,0.00425,0.01256,0,0,0,0,0,0.00982,0.00482,0.01408,0.01762,0.01771,0.04053,0.01726,0,0,0,0.00815,0,0,0.00845,0,0,0.00447,0,0.00427,0,0.02602,0.08482,0.06741,0.04849,0.023,0.04212,0,0,0
284,,0,0,0,0,0,0,0,0.00494,0,0,0,0.00966,0.00939,0.02645,0.03102,0.01802,0.01727,0,0,0,0,0,0,0,0,0,0,0,0,0,0,0.0283,0.05953,0.06616,0.02302,0.00937,0,0,0
285,,0,0,0,0,0,0,0,0,0.0048,0,0,0.00483,0.01409,0.04411,0.0532,0.03606,0.00864,0,0,0,0,0,0,0,0,0,0,0.0042,0,0,0.00434,0.0364,0.04764,0.00882,0.00921,0.00937,0.00431,0,0
286,,0,0,0,0,0,0,0.00922,0,0,0,0.00492,0,0.02351,0.03971,0.01331,0.05413,0.01729,0,0,0,0,0,0.00442,0,0,0,0,0,0,0,0.00435,0.02833,0.05561,0.03974,0.04146,0.02812,0,0,0
287,,0,0,0,0.01277,0,0,0,0,0,0,0,0.01935,0.01411,0.02649,0.02663,0.02708,0.00865,0,0,0.00824,0,0.00442,0,0.00423,0,0,0,0,0,0.01986,0.00435,0.00405,0.0318,0.01767,0.02305,0,0,0.00916,0
288,,0,0,0,0,0,0,0,0,0,0,0,0.00968,0,0.03534,0.0355,0.02257,0.00432,0,0,0,0,0,0,0,0.01329,0,0,0,0,0,0.00435,0.01216,0.01193,0.0442,0.02306,0.00469,0,0,0
289,,0,0,0,0,0,0,0,0,0,0,0,0,0.01883,0.01768,0.00444,0,0.00433,0.01709,0,0,0,0.00443,0,0.00848,0,0,0,0,0,0,0.00435,0,0.02388,0.00442,0.00923,0.0047,0,0.00917,0
290,,0,0,0,0.00426,0,0,0,0,0.00481,0,0,0,0.00471,0.00884,0.02222,0,0,0,0,0,0,0,0,0,0,0,0,0,0,0.00796,0,0.01622,0.01991,0.00442,0.01385,0.0047,0,0.00459,0
291,,0,0,0,0,0,0,0,0.00992,0,0.01036,0,0.01938,0.033,0.0177,0.01779,0.01809,0,0,0,0,0,0,0,0,0,0,0,0,0,0,0.00435,0.00406,0.00398,0.03099,0.00923,0.0047,0,0,0
292,,0.00878,0,0,0,0,0,0,0,0,0,0,0,0,0.00886,0.01335,0.02715,0.00434,0,0.00828,0,0.00818,0,0.00886,0,0,0.00444,0,0,0,0,0.00436,0.01219,0.02392,0,0.01386,0,0,0,0
293,,0,0,0,0,0,0,0,0,0,0.01037,0,0,0.00472,0.04428,0.01781,0.00905,0.00867,0.00857,0.00829,0,0,0,0,0,0,0.00888,0.00449,0,0,0.00797,0.02615,0.02437,0.00399,0.00886,0.01387,0,0.00866,0.00919,0
294,,0,0,0,0,0,0.00458,0,0,0,0,0,0,0,0.03103,0.01336,0.00906,0.00434,0,0.00414,0,0.0041,0,0,0.00425,0,0.01777,0,0.00845,0,0,0,0.00406,0.00798,0.0133,0.01851,0,0.013,0,0
295,,0,0,0,0,0,0,0,0,0,0,0,0,0.00473,0.01773,0.00446,0.00453,0,0,0,0,0.0082,0,0,0,0,0.00889,0,0.00423,0,0,0,0.0122,0,0.01775,0,0,0,0,0
296,,0,0,0,0,0,0,0.00926,0,0,0,0,0.00972,0.01418,0.00888,0,0.02267,0.00869,0,0,0,0,0,0,0,0,0,0,0,0,0.00798,0.00873,0.00814,0,0.00444,0.00463,0,0,0,0
297,,0,0,0,0,0.00422,0,0,0,0,0,0,0,0.00946,0.01775,0.00446,0.01815,0.00434,0.00859,0.00415,0,0,0,0,0,0,0,0,0.00423,0,0,0,0.00814,0,0.04885,0.01854,0.00472,0.00434,0.00461,0
298,,0,0,0,0,0,0,0.00464,0,0.00967,0,0,0,0.00946,0,0.00446,0.00907,0,0,0,0,0,0,0,0,0,0,0,0,0,0.004,0.00437,0,0.004,0,0.00928,0,0,0,0.00859
299,,0,0,0.00839,0,0,0.00459,0,0,0,0,0,0,0,0.00888,0.00446,0,0,0.0043,0,0,0,0,0,0,0.00446,0,0,0,0,0,0.00874,0,0.012,0,0.01391,0.00944,0,0,0
300,,0,0,0,0,0,0,0,0,0,0,0,0,0.00947,0,0.00894,0,0,0,0,0,0,0,0,0,0,0,0,0,0.00431,0,0.00437,0,0.02001,0,0,0,0,0,0.01719
301,,0,0,0,0,0,0,0,0,0,0,0,0.00975,0,0.0089,0,0,0.00871,0,0,0,0,0,0,0,0,0.00446,0,0,0,0,0.00876,0,0,0,0.00464,0,0,0,0
302,,0,0,0,0,0,0,0,0,0,0,0,0,0,0.01335,0.00447,0,0,0,0,0,0,0,0,0,0,0,0,0.00424,0,0.008,0,0.00816,0.02003,0.01335,0,0,0,0,0
303,,0,0,0,0,0,0,0,0,0,0,0,0,0.00475,0,0,0,0,0.0043,0,0,0,0,0,0,0,0,0,0,0,0,0,0.00817,0.00401,0.00446,0,0.00473,0,0,0
304,,0.00884,0,0,0,0,0,0,0,0,0,0,0.01464,0,0,0,0,0,0,0,0,0,0,0,0,0,0,0,0,0,0,0.00438,0.00409,0,0,0.00465,0,0,0,0
305,,0,0,0,0,0,0,0,0,0,0,0.00497,0.00977,0,0,0,0.00911,0,0,0,0,0,0,0,0,0,0,0,0,0,0,0,0,0.00802,0,0.00465,0.00947,0,0,0
306,,0,0.00422,0,0,0,0,0,0,0,0,0,0,0,0,0,0.00456,0,0.00432,0,0.00416,0,0,0,0,0,0,0,0,0.00865,0,0.00878,0,0,0,0,0,0,0,0
307,,0,0,0,0,0,0,0,0,0,0,0,0,0,0.02677,0,0,0,0.00863,0.00834,0,0,0,0,0,0,0,0,0,0,0,0,0.00409,0,0.00893,0,0,0,0,0
308,,0,0,0.00843,0,0,0,0,0,0,0,0,0,0,0,0,0,0.00437,0,0,0,0,0,0,0,0,0,0,0,0,0,0.00879,0,0,0,0.00466,0,0,0,0
309,,0,0,0,0,0,0,0,0,0.00486,0,0,0,0,0,0.00898,0,0,0,0,0,0,0,0,0,0,0,0,0,0,0.00402,0,0,0,0,0,0,0,0,0
310,,0,0,0,0,0,0,0,0,0,0,0,0,0,0.00447,0.00449,0,0,0,0,0,0,0,0,0,0,0,0,0,0,0,0.0088,0,0,0.00447,0,0,0.00874,0,0
311,,0,0,0,0,0,0,0,0,0,0,0,0,0,0,0,0.00914,0,0,0,0,0.00827,0,0,0,0,0,0,0,0,0,0,0,0,0.00447,0,0,0,0,0
312,,0,0,0,0,0,0,0,0,0.00973,0.01047,0,0,0,0,0,0,0,0,0,0,0,0.00895,0,0,0.00897,0,0,0,0,0,0.0088,0,0,0,0,0,0,0,0
313,,0.00888,0,0,0,0,0,0,0,0,0,0,0,0.00477,0.00447,0,0,0.00877,0,0,0,0,0,0,0,0,0,0,0,0,0,0,0,0,0,0,0,0,0,0
314,,0,0,0,0,0,0,0,0,0,0,0,0,0,0,0,0,0,0,0,0,0,0,0,0,0,0,0,0,0,0,0,0,0,0,0,0,0,0,0.00866
315,,0,0,0,0,0,0,0,0,0,0,0,0,0,0,0.009,0,0,0.00433,0,0,0,0,0,0,0,0,0,0,0,0,0.00882,0,0,0,0,0.00476,0,0,0
316,,0,0,0,0,0,0,0,0,0,0,0,0,0,0,0,0,0,0,0,0,0,0,0,0.0086,0,0,0,0,0,0,0,0,0.00807,0.00448,0,0,0,0,0
317,,0,0,0,0,0,0,0,0,0,0,0,0,0,0,0,0,0,0,0,0,0,0,0,0,0.00449,0,0,0,0,0,0,0,0,0,0,0,0,0,0.00866
318,,0,0,0,0,0,0,0,0,0,0,0,0.00492,0,0,0,0,0.0044,0,0,0,0,0,0.00897,0,0,0,0,0,0,0.00404,0,0,0,0,0,0.00953,0,0,0
319,,0,0,0,0,0,0,0,0,0,0,0,0,0,0,0,0,0.0044,0,0,0,0,0,0,0,0,0.0045,0,0,0,0,0,0,0,0,0,0,0,0,0
320,,0,0,0,0,0,0,0,0,0,0,0,0,0,0,0,0,0.0044,0,0,0,0,0,0,0,0,0,0,0,0,0,0.00884,0,0,0.00449,0,0,0,0,0
321,,0,0,0,0,0,0,0,0,0.00489,0,0,0,0,0.00449,0,0,0,0,0,0,0,0,0,0,0,0,0,0,0,0,0,0,0,0,0,0,0,0,0
322,,0,0,0,0,0,0,0,0,0,0,0,0,0.00479,0,0,0,0,0,0,0,0,0,0,0,0,0,0,0,0,0,0,0.00412,0.00405,0,0,0,0,0,0
323,,0,0,0,0,0,0,0,0,0,0,0,0,0,0.01349,0,0,0,0,0,0,0,0,0,0,0,0,0,0,0,0,0,0,0,0.00899,0,0,0,0,0
324,,0,0,0,0,0,0,0,0,0,0,0,0,0,0,0,0,0,0,0,0,0,0,0,0,0,0,0.00914,0,0,0.00809,0,0,0,0.0045,0,0,0,0,0.0087
325,,0,0,0,0,0,0,0,0,0,0,0,0,0,0,0,0,0,0,0,0,0,0,0,0.00863,0,0,0,0.00429,0,0,0,0,0.00405,0,0,0,0,0,0
326,,0,0,0.00851,0,0,0,0,0.0101,0,0,0,0,0,0,0,0,0,0,0,0,0,0,0,0,0,0,0,0,0,0,0,0,0.00811,0,0,0,0,0,0
327,,0,0,0,0,0,0,0,0,0,0,0,0,0,0,0,0,0,0,0,0,0,0,0,0.00432,0,0,0,0,0,0,0,0,0,0,0,0,0,0.00936,0
328,,0,0,0,0,0,0,0,0,0,0,0,0,0,0,0,0,0,0,0,0,0,0,0,0,0,0,0,0.00859,0,0,0,0,0.00812,0,0,0,0,0,0
329,,0,0,0,0,0,0,0,0,0,0.01056,0,0,0,0,0,0,0,0,0,0,0,0,0,0,0,0,0,0,0,0.00406,0,0,0.00406,0,0,0,0,0,0
330,,0,0.00427,0,0,0,0,0,0,0,0,0,0,0,0.00451,0,0,0,0,0,0.00421,0,0,0,0,0,0,0,0,0,0,0,0,0,0.00452,0,0,0,0.00936,0
331,,0,0,0,0,0,0,0,0,0,0,0,0,0,0,0,0.00461,0,0,0,0,0,0,0,0,0,0,0,0,0,0,0,0,0,0,0,0.0048,0,0,0
332,,0,0,0,0,0,0,0,0,0,0,0,0,0,0,0,0,0,0,0,0.00421,0,0,0,0,0,0.00906,0,0,0,0,0,0,0,0,0.00471,0,0,0,0
333,,0,0,0,0,0,0,0,0,0,0,0.01008,0,0,0.00904,0,0,0,0,0,0,0.00836,0,0,0,0,0,0,0,0,0,0,0,0,0,0,0,0,0,0
334,,0,0,0,0,0,0,0,0,0,0,0,0,0,0,0,0,0,0.00875,0,0,0,0.00452,0,0,0,0,0,0,0,0,0,0,0,0,0.00472,0,0,0,0
335,,0,0,0,0,0,0,0,0,0,0,0,0,0,0,0,0,0,0,0,0,0,0,0,0,0,0,0,0,0,0,0,0,0,0.00905,0,0,0,0,0
336,,0,0,0,0,0,0,0,0,0,0,0,0,0,0,0,0,0,0,0,0,0,0,0,0,0,0,0,0,0,0,0,0,0,0,0,0,0,0.0094,0
337,,0,0,0,0,0,0,0,0,0,0,0,0,0.00965,0,0.00455,0,0,0,0,0,0,0,0,0,0,0,0,0,0,0,0,0,0,0,0,0,0,0,0
338,,0.00899,0,0,0,0,0,0,0,0,0,0,0,0,0,0,0,0,0,0,0,0,0,0,0,0,0,0,0,0,0,0.00446,0,0,0,0,0,0,0,0
339,,0,0,0,0,0,0,0,0,0,0,0,0,0,0,0.00456,0,0,0,0,0,0,0,0,0,0,0,0,0,0,0,0.00892,0,0,0,0,0,0,0,0
340,,0,0,0,0,0,0,0,0,0,0,0,0,0,0,0,0,0,0,0,0,0,0,0,0,0,0,0,0,0,0,0,0,0.00408,0,0,0.00482,0,0,0
341,,0,0,0,0,0,0,0,0,0,0,0,0,0,0.00453,0,0,0,0,0,0,0,0,0,0,0,0,0,0,0,0,0,0,0,0,0,0,0,0,0
342,,0,0,0,0,0,0,0,0,0,0,0,0,0,0,0,0,0,0,0,0,0,0,0,0,0,0,0,0,0,0,0,0,0,0,0,0.00965,0,0,0
343,,0,0,0,0,0,0,0,0,0,0,0,0,0,0,0,0,0,0,0,0,0,0,0,0,0,0,0,0,0,0,0,0.00833,0,0,0,0,0,0,0
344,,0,0,0,0,0,0,0,0,0,0,0,0,0,0,0,0,0,0,0,0,0,0,0,0,0,0,0,0,0,0,0,0,0,0,0.00474,0,0,0,0
345,,0,0,0,0,0,0,0,0,0,0,0,0,0,0,0,0,0.00445,0,0,0,0,0,0,0,0,0,0,0,0,0,0.00895,0,0,0,0,0,0,0,0
346,,0,0,0,0,0,0,0,0,0,0,0,0,0,0,0,0,0.00891,0,0,0,0,0,0,0,0,0,0,0,0,0,0,0,0,0,0,0,0,0,0
347,,0,0,0,0,0,0,0,0,0,0,0,0,0,0,0,0,0,0,0,0,0,0,0,0,0,0,0,0,0,0,0,0.00418,0,0,0,0,0,0,0
348,,0,0,0,0,0,0,0,0,0,0,0,0,0,0.00911,0,0,0,0,0,0,0,0,0,0,0,0,0,0,0,0,0,0,0,0,0,0,0,0,0
349,,0,0,0,0,0,0,0,0,0,0,0,0,0,0,0,0,0,0,0,0,0.00421,0,0,0,0,0,0,0,0,0,0,0,0,0,0,0,0,0,0
350,,0,0,0,0,0,0,0,0,0,0,0,0,0,0,0,0,0,0,0,0,0,0,0,0,0,0,0,0,0,0,0,0,0,0,0,0,0,0,0
