ev,measured spectrum,ev,retrived spectrum,ev,retrived spectrum dipole corrected,retrived spectrum phase dipole corrected
21.565,0,27.36543,-0.0090859496124031,27.4,1.616E-4,--
22.565,0,27.618294,-0.00908556201550388,27.65,1.617E-4,--
23.565,0,27.871158,-0.00908507751937985,27.91,1.617E-4,--
24.565,0,28.124022,-0.00908459302325581,28.16,1.624E-4,--
25.565,0,28.376886,-0.00908410852713178,28.41,1.631E-4,--
26.565,0,28.62975,-0.00908372093023256,28.66,1.639E-4,--
27.565,0,28.882614,-0.00908323643410853,28.92,1.647E-4,--
28.565,0,29.135478,-0.0090827519379845,29.17,1.654E-4,--
29.565,0,29.388342,-0.00908236434108527,29.42,1.663E-4,--
30.565,0,29.641206,-0.00908197674418605,29.68,1.672E-4,--
31.565,0,29.89407,-0.00908149224806202,29.93,1.684E-4,--
32.565,0,30.146934,-0.00908110465116279,30.18,1.698E-4,--
33.565,0,30.399798,-0.00908081395348837,30.43,1.711E-4,--
34.565,0,30.652662,-0.00908042635658915,30.69,1.725E-4,--
35.565,0,30.905526,-0.00908013565891473,30.94,1.729E-4,--
36.565,0,31.15839,-0.00907984496124031,31.19,1.73E-4,--
37.565,0,31.411254,-0.0090796511627907,31.45,1.73E-4,--
38.565,0,31.664118,-0.00907945736434109,31.7,1.73E-4,--
39.565,0,31.916982,-0.00907936046511628,31.95,1.729E-4,--
40.565,0,32.169846,-0.00907926356589147,32.2,1.729E-4,--
41.565,0,32.42271,-0.00907926356589147,32.46,1.728E-4,--
42.565,0,32.675574,-0.00907936046511628,32.71,1.727E-4,--
43.565,0,32.928438,-0.00907955426356589,32.96,1.726E-4,--
44.565,0,33.181302,-0.0090797480620155,33.22,1.725E-4,--
45.565,0,33.434166,-0.00908013565891473,33.47,1.725E-4,--
46.565,0,33.68703,-0.00908052325581395,33.72,1.726E-4,--
47.565,0,33.939894,-0.00908110465116279,33.97,1.726E-4,--
48.565,0,34.192758,-0.00908178294573643,34.23,1.727E-4,--
49.565,0,34.445622,-0.00908265503875969,34.48,1.727E-4,--
50.565,0,34.698486,-0.00908362403100775,34.73,1.727E-4,--
51.565,0,34.95135,-0.00908468992248062,34.99,1.727E-4,--
52.565,0,35.204214,-0.0090859496124031,35.24,1.727E-4,--
53.565,0,35.457078,-0.00908740310077519,35.49,1.726E-4,--
54.565,0,35.709942,-0.0090890503875969,35.74,1.725E-4,--
55.565,0,35.962806,-0.00909089147286822,36,1.724E-4,--
56.565,0,36.21567,-0.00909302325581395,36.25,1.721E-4,--
57.565,0,36.468534,-0.0090952519379845,36.5,1.719E-4,--
58.565,0,36.721398,-0.00909777131782946,36.76,1.716E-4,--
59.565,0,36.974262,-0.00910048449612403,37.01,1.712E-4,--
60.565,0,37.227126,-0.00910348837209302,37.26,1.707E-4,--
61.565,0,37.47999,-0.00910678294573643,37.51,1.702E-4,--
62.565,0,37.732854,-0.00911036821705426,37.77,1.697E-4,--
63.565,0,37.985718,-0.00911434108527132,38.02,1.69E-4,--
64.565,0,38.238582,-0.00911850775193799,38.27,1.683E-4,--
65.565,0,38.491446,-0.00912306201550388,38.53,1.676E-4,--
66.565,0,38.74431,-0.00912790697674419,38.78,1.668E-4,--
67.565,0,38.997174,-0.00913323643410853,39.03,1.659E-4,--
68.565,0,39.250038,-0.00913885658914729,39.29,1.649E-4,--
69.565,0,39.502902,-0.00914486434108527,39.54,1.639E-4,--
70.565,0,39.755766,-0.00915135658914729,39.79,1.629E-4,--
71.565,0,40.00863,-0.00915823643410853,40.04,1.621E-4,--
72.565,0,40.261494,-0.00916550387596899,40.3,1.612E-4,--
73.565,0,40.514358,-0.0091733527131783,40.55,1.602E-4,--
74.565,0,40.767222,-0.00918158914728682,40.8,1.591E-4,--
75.565,0,41.020086,-0.00919040697674419,41.06,1.579E-4,--
76.565,0,41.27295,-0.00919970930232558,41.31,1.565E-4,--
77.565,0,41.525814,-0.00920949612403101,41.56,1.551E-4,--
78.565,0,41.778678,-0.00921996124031008,41.81,1.537E-4,--
79.565,0,42.031542,-0.00923091085271318,42.07,1.524E-4,--
80.565,0,42.284406,-0.00924253875968992,42.32,1.51E-4,--
81.565,0,42.53727,-0.0092547480620155,42.57,1.495E-4,--
82.565,0,42.790134,-0.00926753875968992,42.83,1.477E-4,--
83.565,0,43.042998,-0.00928100775193798,43.08,1.459E-4,--
84.565,0,43.295862,-0.00929515503875969,43.33,1.437E-4,--
85.565,0,43.548726,-0.00931007751937984,43.58,1.413E-4,--
86.565,0,43.80159,-0.00932567829457364,43.84,1.387E-4,--
87.565,0,44.054454,-0.00934195736434108,44.09,1.358E-4,50.44
88.565,0,44.307318,-0.00935901162790698,44.34,1.326E-4,50.3
89.565,0,44.560182,-0.00937693798449612,44.6,1.293E-4,50.16
90.565,0,44.813046,-0.00939554263565891,44.85,1.258E-4,50.02
91.565,0,45.06591,-0.00941511627906977,45.1,1.22E-4,49.88
92.565,6.31587258951027E-4,45.318774,-0.00943536821705426,45.35,1.181E-4,49.74
93.565,1.98030142416927E-4,45.571638,-0.00945658914728682,45.61,1.14E-4,49.6
94.565,4.40148356481409E-4,45.824502,-0.00947868217054264,45.86,1.097E-4,49.46
95.565,6.79776546565797E-4,46.077366,-0.00950174418604651,46.11,1.051E-4,49.32
96.565,0.00146398762829673,46.33023,-0.00952567829457364,46.37,1.003E-4,49.28
97.565,0.00109334023525973,46.583094,-0.00955048449612403,46.62,9.532E-5,49.1399999999999
98.565,0.00275748184995641,46.835958,-0.00957635658914729,46.87,9.003E-5,49
99.565,0,47.088822,-0.00960329457364341,47.12,8.45E-5,48.86
100.565,0.00471390833831654,47.341686,-0.00963110465116279,47.38,7.875E-5,48.72
101.565,0.018755959158063,47.59455,-0.00966007751937985,47.63,7.272E-5,48.58
102.565,0.0229937602641855,47.847414,-0.00969001937984496,47.88,6.646E-5,48.4399999999999
103.565,0.048019526568127,48.100278,-0.00972102713178295,48.14,5.995E-5,48.3
104.565,0.0439070322570027,48.353142,-0.0097531976744186,48.39,5.315E-5,48.16
105.565,0.0604678155686141,48.606006,-0.00978653100775194,48.64,4.607E-5,48.02
106.565,0.0812171121587421,48.85887,-0.00982093023255814,48.89,3.873E-5,47.88
107.565,0.0755765487198334,49.111734,-0.00985649224806202,49.15,3.109E-5,47.8399999999999
108.565,0.0825322842362285,49.364598,-0.00989331395348837,49.4,2.315E-5,47.7
109.565,0.119989861440789,49.617462,-0.00993125968992248,49.65,1.494E-5,47.56
110.565,0.0982414793466476,49.870326,-0.00997044573643411,49.91,6.429E-6,47.42
111.565,0.120278411278482,50.12319,-0.01,50.16,0,47.28
112.565,0.16463892084386,50.376054,-0.01,50.41,0,47.1399999999999
113.565,0.174047549688646,50.628918,-0.01,50.66,0,47
114.565,0.214278281247038,50.881782,-0.01,50.92,0,46.86
115.565,0.256818143866969,51.134646,-0.01,51.17,0,46.72
116.565,0.287999102977706,51.38751,-0.01,51.42,0,46.58
117.565,0.308024754657619,51.640374,-0.01,51.68,0,46.44
118.565,0.315858077154998,51.893238,-0.01,51.93,0,46.3
119.565,0.378419197294878,52.146102,-0.01,52.18,0,46.16
120.565,0.39792707045893,52.398966,-0.01,52.43,0,46.02
121.565,0.424404813687265,52.65183,-0.01,52.69,0,45.88
122.565,0.455883110955624,52.904694,-0.01,52.94,0,45.7399999999999
123.565,0.473324264216198,53.157558,-0.01,53.19,0,45.6
124.565,0.522992919019141,53.410422,-0.01,53.45,0,45.46
125.565,0.562100942706508,53.663286,-0.01,53.7,0,45.32
126.565,0.579640964566291,53.91615,-0.01,53.95,0,45.18
127.565,0.61750397626361,54.169014,-0.01,54.2,0,45.0399999999999
128.565,0.653916915172522,54.421878,-0.01,54.46,0,44.9
129.565,0.716123573075235,54.674742,-0.01,54.71,0,44.76
130.565,0.757999917540471,54.927606,-0.01,54.96,0,44.62
131.565,0.798960812013026,55.18047,-0.01,55.22,0,44.48
132.565,0.852752653583008,55.433334,-0.01,55.47,0,44.3399999999999
133.565,0.899806783206853,55.686198,-0.01,55.72,0,44.2
134.565,0.925454030201826,55.939062,-0.01,55.97,0,44.06
135.565,0.95810263874083,56.191926,-0.01,56.23,0,43.92
136.565,0.972412953026432,56.44479,-0.01,56.48,0,43.78
137.565,0.991615432072925,56.697654,-0.01,56.73,0,43.6399999999999
138.565,0.974302441811327,56.950518,-0.01,56.99,0,43.5
139.565,0.975188597404243,57.203382,-0.01,57.24,0,43.36
140.565,0.980315117363261,57.456246,-0.01,57.49,0,43.22
141.565,1.01286851910303,57.70911,-0.01,57.74,0,43.08
142.565,0.999627450408876,57.961974,-0.01,58,0,42.8399999999999
143.565,0.960233806323793,58.214838,-0.01,58.25,0,42.7
144.565,0.984584776129129,58.467702,-0.01,58.5,0,42.56
145.565,0.994852463247048,58.720566,-0.01,58.76,0,42.42
146.565,0.980293146563437,58.97343,-0.01,59.01,0,42.28
147.565,0.98116465495647,59.226294,-0.01,59.26,0,42.0399999999999
148.565,1.00465876356866,59.479158,-0.01,59.51,0,41.9
149.565,1.05978350032798,59.732022,-0.01,59.77,0,41.76
150.565,1.05821624994051,59.984886,-0.01,60.02,0,41.62
151.565,1.06953853545,60.23775,-0.01,60.27,0,41.48
152.565,1.02017014824466,60.490614,-0.01,60.53,0,41.34
153.565,1.02310691182118,60.743478,-0.01,60.78,0,41.2
154.565,1.01937919945098,60.996342,-0.01,61.03,0,41.06
155.565,1.02295311622241,61.249206,-0.01,61.28,0,40.92
156.565,0.985756552119762,61.50207,-0.01,61.54,0,40.78
157.565,0.964313051491183,61.754934,-0.01,61.79,0,40.54
158.565,0.995394409642716,62.007798,-0.01,62.04,0,40.4
159.565,0.933898140934323,62.260662,-0.01,62.3,0,40.26
160.565,0.899367367210366,62.513526,-0.01,62.55,0,40.12
161.565,0.914388070690289,62.76639,-0.01,62.8,0,39.98
162.565,0.851771291190854,63.019254,-0.01,63.05,0,39.84
163.565,0.855250001163045,63.272118,-0.01,63.31,0,39.7
164.565,0.841745282871003,63.524982,-0.01,63.56,0,39.46
165.565,0.792611250863785,63.777846,-0.01,63.81,0,39.32
166.565,0.779633831767528,64.03071,-0.01,64.07,0,39.18
167.565,0.74454646444802,64.283574,-0.01,64.32,0,39.04
168.565,0.739947243684786,64.536438,-0.01,64.57,0,38.9
169.565,0.746348070033617,64.789302,-0.01,64.82,0,38.76
170.565,0.67344895621638,65.042166,-0.01,65.08,0,38.52
171.565,0.700473040000347,65.29503,-0.01,65.33,0,38.38
172.565,0.68472730012622,65.547894,-0.01,65.58,0,38.24
173.565,0.719609606647368,65.800758,-0.01,65.84,0,38.1
174.565,0.737391307305219,66.053622,-0.01,66.09,0,37.96
175.565,0.730382622161247,66.306486,-0.01,66.34,0,37.82
176.565,0.692519610463928,66.55935,-0.01,66.59,0,37.58
177.565,0.676737252590093,66.812214,-0.01,66.85,0,37.44
178.565,0.653543411575507,67.065078,-0.01,67.1,0,37.3
179.565,0.607287554345282,67.317942,-0.01,67.35,0,37.16
180.565,0.641752415669766,67.570806,-0.01,67.61,0,36.92
181.565,0.599963954403827,67.82367,-0.01,67.86,0,36.78
182.565,0.587462569303764,68.076534,-0.01,68.11,0,36.64
183.565,0.58024149976149,68.329398,-0.01,68.36,0,36.5
184.565,0.557677488341869,68.582262,-0.01,68.62,0,36.36
185.565,0.536827199308549,68.835126,-0.01,68.87,0,36.12
186.565,0.56488391068426,69.08799,-0.01,69.12,0,35.98
187.565,0.50465462476574,69.340854,-0.01,69.38,0,35.84
188.565,0.526911044987819,69.593718,-0.01,69.63,0,35.7
189.565,0.508060098738516,69.846582,-0.01,69.88,0,35.46
190.565,0.495287740440619,70.099446,-0.01,70.13,0,35.32
191.565,0.497360319224051,70.35231,-0.01,70.39,0,35.18
192.565,0.463547258294356,70.605174,-0.01,70.64,0,35.04
193.565,0.452613123581765,70.858038,-0.01,70.89,0,34.8
194.565,0.442176993665192,71.110902,-0.01,71.15,0,34.66
195.565,0.441971932866831,71.363766,-0.01,71.4,0,34.52
196.565,0.394271861728151,71.61663,-0.01,71.65,0,34.38
197.565,0.378243430896283,71.869494,-0.01,71.9,0,34.14
198.565,0.385170824080905,72.122358,-0.01,72.16,0,34
199.565,0.364454556926513,72.375222,-0.01,72.41,0,33.86
200.565,0.359909530802847,72.628086,-0.01,72.66,0,33.62
201.565,0.326156523392672,72.88095,-0.01,72.92,0,33.48
202.565,0.37363542181312,73.133814,-0.01,73.17,0,33.34
203.565,0.349587649045361,73.386678,-0.01,73.42,0,33.1
204.565,0.383741257372333,73.639542,-0.01,73.67,0,32.96
205.565,0.337743190860047,73.892406,-0.01,73.93,0,32.82
206.565,0.368940994250648,74.14527,-0.01,74.18,0,32.68
207.565,0.372712648220497,74.398134,-0.01,74.43,0,32.44
208.565,0.33493825208247,74.650998,-0.01,74.69,0,32.3
209.565,0.359749876324123,74.903862,-0.01,74.94,0,32.16
210.565,0.346932844066583,75.156726,-0.01,75.19,0,31.92
211.565,0.333833120851304,75.40959,-0.01,75.44,0,31.78
212.565,0.350995244954108,75.662454,-0.01,75.7,0,31.64
213.565,0.327513586461823,75.915318,-0.01,75.95,0,31.4
214.565,0.316728853188037,76.168182,-0.01,76.2,0,31.26
215.565,0.30353758497349,76.421046,-0.01,76.46,0,31.1199999999999
216.565,0.320646246796721,76.67391,-0.01,76.71,0,30.88
217.565,0.307646124540646,76.926774,-0.01,76.96,0,30.74
218.565,0.305345781799035,77.179638,-0.01,77.21,0,30.6
219.565,0.304770146843636,77.432502,-0.01,77.47,0,30.36
220.565,0.292569761701168,77.685366,-0.01,77.72,0,30.2199999999999
221.565,0.270364606678678,77.93823,-0.01,77.97,0,30.08
222.565,0.294854724882901,78.191094,-0.01,78.23,0,29.84
223.565,0.276328214111004,78.443958,-0.01,78.48,0,29.7
224.565,0.275676413716215,78.696822,-0.01,78.73,0,29.56
225.565,0.272708158659943,78.949686,-0.01,78.98,0,29.32
226.565,0.274561761805125,79.20255,-0.01,79.24,0,29.18
227.565,0.258757433131467,79.455414,-0.01,79.49,0,28.94
228.565,0.265671643836194,79.708278,-0.01,79.74,0,28.8
229.565,0.266295614551206,79.961142,-0.01,80,0,28.66
230.565,0.265757329955509,80.214006,-0.01,80.25,0,28.42
231.565,0.256936786186021,80.46687,-0.01,80.5,0,28.28
232.565,0.237217993343655,80.719734,-0.01,80.75,0,28.14
233.565,0.249371507446499,80.972598,-0.01,81.01,0,27.9
234.565,0.249213317687763,81.225462,-0.01,81.26,0,27.76
235.565,0.232609251900498,81.478326,-0.01,81.51,0,27.52
236.565,0.232300928342963,81.73119,-0.01,81.77,0,27.38
237.565,0.220641757236167,81.984054,-0.01,82.02,0,27.24
238.565,0.222999956417316,82.236918,-0.00969186046511628,82.27,9.347E-5,27
239.565,0.226327067870718,82.489782,-0.00917722868217054,82.52,2.503E-4,26.86
240.565,0.222255878663264,82.742646,-0.00863953488372093,82.78,4.152E-4,26.7199999999999
241.565,0.202267577343052,82.99551,-0.00807945736434109,83.03,5.879E-4,26.4799999999999
242.565,0.216459981669597,83.248374,-0.00749515503875969,83.28,7.69E-4,26.34
243.565,0.200791871954849,83.501238,-0.00688662790697674,83.54,9.587E-4,26.1
244.565,0.195430264437711,83.754102,-0.00625290697674419,83.79,0.00116,25.96
245.565,0.188793618170765,84.006966,-0.00559496124031008,84.04,0.00136,25.82
246.565,0.173107931816158,84.25983,-0.0049108527131783,84.29,0.00158,25.58
247.565,0.175808143114572,84.512694,-0.00420058139534884,84.55,0.00181,25.44
248.565,0.154886082801825,84.765558,-0.00346317829457364,84.8,0.00204,25.2
249.565,0.159776050482734,85.018422,-0.00269961240310078,85.05,0.00229,25.06
250.565,0.147810020538392,85.271286,-0.00190794573643411,85.31,0.00254,24.92
251.565,0.136831211866157,85.52415,-0.00108720930232558,85.56,0.00281,24.68
252.565,0.131490110428855,85.777014,-2.42248062015504E-4,85.81,0.00309,24.54
253.565,0.115671134555313,86.029878,6.3953488372093E-4,86.06,0.00338,24.3
254.565,0.105534539876346,86.282742,0.00155038759689922,86.32,0.00368,24.16
255.565,0.102928803017177,86.535606,0.00248062015503876,86.57,0.00399,24.02
256.565,0.0962906920302424,86.78847,0.00344961240310078,86.82,0.00431,23.78
257.565,0.0830671999759523,87.041334,0.00444767441860465,87.08,0.00465,23.64
258.565,0.0763551206296094,87.294198,0.00548449612403101,87.33,0.005,23.4
259.565,0.0735998358596354,87.547062,0.0065406976744186,87.58,0.00536,23.26
260.565,0.0694299245249701,87.799926,0.00763565891472868,87.83,0.00574,23.02
261.565,0.0568179530657915,88.05279,0.00875968992248062,88.09,0.00613,22.88
262.565,0.051992579536366,88.305654,0.00992248062015504,88.34,0.00653,22.74
263.565,0.0503263873136857,88.558518,0.0111143410852713,88.59,0.00695,22.5
264.565,0.0399358834247485,88.811382,0.0123449612403101,88.85,0.00738,22.36
265.565,0.0376214061352507,89.064246,0.0136143410852713,89.1,0.00783,22.1199999999999
266.565,0.0309347396807045,89.31711,0.0149127906976744,89.35,0.00829,21.98
267.565,0.0308119961456858,89.569974,0.0162403100775194,89.6,0.00876,21.74
268.565,0.0267369986662617,89.822838,0.0176065891472868,89.86,0.00925,21.6
269.565,0.0225222668999547,90.075702,0.0190213178294574,90.11,0.00976,21.46
270.565,0.0227194182103787,90.328566,0.0204554263565891,90.36,0.01028,21.2199999999999
271.565,0.0191370792990162,90.58143,0.021937984496124,90.62,0.01082,21.08
272.565,0.0159264130846826,90.834294,0.0234593023255814,90.87,0.01137,20.84
273.565,0.014185080726603,91.087158,0.0250096899224806,91.12,0.01194,20.7
274.565,0.0138192669095274,91.340022,0.0265988372093023,91.38,0.01253,20.46
275.565,0.0118465820292972,91.592886,0.0282364341085271,91.63,0.01314,20.32
276.565,0.0100078457919963,91.84575,0.0299031007751938,91.88,0.01376,20.18
277.565,0.010334991001381,92.098614,0.0316085271317829,92.13,0.0144,19.94
278.565,0.0102468880940853,92.351478,0.0333624031007752,92.39,0.01506,19.8
279.565,0.00974397648610566,92.604342,0.0351550387596899,92.64,0.01574,19.56
280.565,0.00887246809307258,92.857206,0.0369767441860465,92.89,0.01643,19.42
281.565,0.00679410366568724,93.11007,0.0388468992248062,93.15,0.01714,19.18
282.565,0.00901828096790695,93.362934,0.0407558139534884,93.4,0.01787,19.04
283.565,0.00633901516532527,93.615798,0.0427131782945736,93.65,0.01863,18.8
284.565,0.005646788498859,93.868662,0.0447093023255814,93.9,0.0194,18.66
285.565,0.00541836541668504,94.121526,0.0467441860465116,94.16,0.02019,18.52
286.565,0.00690351824881257,94.37439,0.0488178294573643,94.41,0.021,18.28
287.565,0.00431133004953479,94.627254,0.0509399224806202,94.66,0.02184,18.14
288.565,0.00491479468471063,94.880118,0.0531007751937984,94.92,0.02269,17.9
289.565,0.00357230557944263,95.132982,0.0553003875968992,95.17,0.02356,17.76
290.565,0.00334234454128096,95.385846,0.0575484496124031,95.42,0.02445,17.42
291.565,0.00413241450296506,95.63871,0.0598449612403101,95.67,0.02537,17.28
292.565,0.00399538994806045,95.891574,0.0621705426356589,95.93,0.02631,17.04
293.565,0.00353305108375643,96.144438,0.0645542635658915,96.18,0.02726,16.9
294.565,0.00362737905100236,96.397302,0.0669767441860465,96.43,0.02824,16.76
295.565,0.0034422384444824,96.650166,0.069437984496124,96.69,0.02923,16.52
296.565,0.00311860856306953,96.90303,0.0719476744186047,96.94,0.03025,16.38
297.565,0.00330638566556842,97.155894,0.0745058139534884,97.19,0.0313,16.14
298.565,0.00367974279058376,97.408758,0.0771027131782946,97.44,0.03236,16
299.565,0.00391505005670269,97.661622,0.0797480620155039,97.7,0.03344,15.76
300.565,0.0034971654440433,97.914486,0.0824321705426357,97.95,0.03453,15.62
301.565,0.00275242856599681,98.16735,0.0851647286821705,98.2,0.03564,15.38
302.565,0.00335977470914162,98.420214,0.0879651162790698,98.46,0.03678,15.24
303.565,0.00294130420848691,98.673078,0.0907751937984496,98.71,0.03793,15.1
304.565,0.00383060894937772,98.925942,0.0935852713178295,98.96,0.03909,14.86
305.565,0.00168208443455325,99.178806,0.0965891472868217,99.21,0.04033,14.7199999999999
306.565,0.0021038505551816,99.43167,0.0994961240310078,99.47,0.04159,14.48
307.565,0.00252627579980469,99.684534,0.1025,99.72,0.0429,14.34
308.565,0.00173151873415806,99.937398,0.105600775193798,99.97,0.04425,14.1
309.565,0.00173203138615396,100.190262,0.108604651162791,100.2,0.04558,13.96
310.565,0.00238873859290418,100.443126,0.111802325581395,100.5,0.04699,13.72
311.565,0.00210853765914414,100.69599,0.115,100.7,0.04841,13.58
312.565,0.0011717759906327,100.948854,0.118197674418605,101,0.04984,13.34
313.565,0.00159442094325404,101.201718,0.121492248062015,101.2,0.05132,13.2
314.565,8.44484309249106E-4,101.454582,0.124786821705426,101.5,0.05281,13.06
315.565,0.0010327740637439,101.707446,0.128178294573643,101.7,0.05434,12.82
316.565,8.92234180867389E-4,101.96031,0.13156976744186,102,0.05589,12.68
317.565,9.39544636489184E-4,102.213174,0.135058139534884,102.2,0.05749,12.44
318.565,9.39910816486257E-4,102.466038,0.138546511627907,102.5,0.05911,12.3
319.565,2.82105069744823E-4,102.718902,0.14203488372093,102.8,0.06073,12.06
320.565,1.88070046496549E-4,102.971766,0.14562015503876,103,0.0624,11.92
321.565,3.76433036990756E-4,103.22463,0.149302325581395,103.3,0.06413,11.68
322.565,1.88362990494207E-4,103.477494,0.152984496124031,103.5,0.06587,11.54
323.565,1.88362990494207E-4,103.730358,0.156666666666667,103.8,0.06762,11.4
324.565,3.29781705363691E-4,103.983222,0.160445736434109,104,0.06943,11.16
325.565,3.77165396984901E-4,104.236086,0.16422480620155,104.3,0.07128,11.02
326.565,1.41491950868899E-4,104.48895,0.168100775193798,104.5,0.07319,10.78
327.565,9.43279672459326E-5,104.741814,0.171976744186047,104.8,0.07512,10.64
328.565,4.72372196223809E-5,104.994678,0.175949612403101,105,0.07711,10.4
329.565,9.44744392447617E-5,105.247542,0.179922480620155,105.3,0.07912,10.26
330.565,0,105.500406,0.183895348837209,105.5,0.08114,10.02
331.565,9.45476752441762E-5,105.75327,0.18796511627907,105.8,0.08322,9.88000000000002
332.565,0,106.006134,0.192131782945736,106,0.08535,9.64000000000001
333.565,9.46209112435908E-5,106.258998,0.196298449612403,106.3,0.08749,9.5
334.565,0,106.511862,0.20046511627907,106.5,0.08966,9.35999999999999
335.565,4.73836916212099E-5,106.764726,0.204631782945736,106.8,0.09184,9.11999999999995
336.565,0,107.01759,0.208895348837209,107.1,0.09409,8.97999999999999
337.565,0,107.270454,0.213255813953488,107.3,0.09639,8.74
338.565,0,107.523318,0.217616279069767,107.6,0.09871,8.59999999999999
339.565,0,107.776182,0.221976744186047,107.8,0.101,8.35999999999999
340.565,0,108.029046,0.226434108527132,108.1,0.1034,8.21999999999998
341.565,9.4913855241249E-5,108.28191,0.230891472868217,108.3,0.1058,8.08000000000001
342.565,0,108.534774,0.235445736434109,108.6,0.1083,7.84
343.565,0,108.787638,0.239903100775194,108.8,0.1108,7.70000000000002
344.565,0,109.040502,0.244554263565891,109.1,0.1133,7.46000000000001
345.565,0,109.293366,0.249108527131783,109.3,0.1159,7.31999999999997
346.565,0,109.54623,0.253759689922481,109.6,0.1185,7.08000000000001
347.565,0,109.799094,0.258507751937985,109.8,0.1211,6.93999999999999
348.565,4.76033996194536E-5,110.051958,0.263255813953488,110.1,0.1238,6.69999999999999
349.565,0,110.304822,0.268003875968992,110.3,0.1265,6.55999999999997
350.565,0,110.557686,0.272751937984496,110.6,0.1292,6.41999999999997
351.565,4.76766356188681E-5,110.81055,0.277596899224806,110.8,0.132,6.17999999999998
352.565,0,111.063414,0.282441860465116,111.1,0.1348,6.03999999999998
353.565,0,111.316278,0.287383720930233,111.4,0.1376,5.80000000000001
354.565,0,111.569142,0.292325581395349,111.6,0.1405,5.66
355.565,9.54997432365653E-5,111.822006,0.297267441860465,111.9,0.1434,5.41999999999997
356.565,9.54997432365653E-5,112.07487,0.302306201550388,112.1,0.1464,5.28
357.565,0,112.327734,0.307248062015504,112.4,0.1494,5.14000000000001
358.565,4.78231076176972E-5,112.580598,0.312383720930233,112.6,0.1524,4.89999999999998
359.565,0,112.833462,0.317422480620155,112.9,0.1555,4.75999999999996
360.565,0,113.086326,0.322558139534884,113.1,0.1586,4.51999999999996
361.565,9.5719451234809E-5,113.33919,0.327693798449612,113.4,0.1617,4.37999999999997
362.565,1.91585374468447E-4,113.592054,0.332829457364341,113.6,0.1648,4.14000000000001
363.565,0,113.844918,0.338062015503876,113.9,0.168,4
364.565,0,114.097782,0.343294573643411,114.1,0.1713,3.85999999999999
365.565,4.79695796165263E-5,114.350646,0.348527131782946,114.4,0.1746,3.61999999999998
366.565,0,114.60351,0.353759689922481,114.6,0.1779,3.47999999999999
367.565,9.59391592330526E-5,114.856374,0.359089147286822,114.9,0.1812,3.24
368.565,9.60123952324671E-5,115.109238,0.364418604651163,115.1,0.1846,3.10000000000002
369.565,0,115.362102,0.369748062015504,115.4,0.188,2.85999999999999
370.565,0,115.614966,0.375174418604651,115.6,0.1915,2.71999999999995
371.565,0,115.86783,0.380503875968992,115.9,0.1949,2.58000000000001
372.565,9.61588672312962E-5,116.120694,0.38593023255814,116.2,0.1985,2.34
373.565,0,116.373558,0.391356589147287,116.4,0.2021,2.19999999999999
374.565,0,116.626422,0.396782945736434,116.7,0.2056,1.96000000000001
375.565,0,116.879286,0.402306201550388,116.9,0.2093,1.81999999999997
376.565,0,117.13215,0.407732558139535,117.2,0.213,1.67999999999998
377.565,0,117.385014,0.413255813953488,117.4,0.2167,1.43999999999999
378.565,0,117.637878,0.418779069767442,117.7,0.2204,1.30000000000001
379.565,0,117.890742,0.424302325581395,117.9,0.2242,1.05999999999997
380.565,0,118.143606,0.429825581395349,118.2,0.2281,0.919999999999966
381.565,0,118.39647,0.435445736434109,118.4,0.232,0.780000000000001
382.565,0,118.649334,0.440968992248062,118.7,0.2358,0.539999999999985
383.565,0,118.902198,0.446589147286822,118.9,0.2397,0.399999999999977
384.565,0,119.155062,0.452209302325581,119.2,0.2437,0.159999999999997
385.565,0,119.407926,0.457829457364341,119.4,0.2477,0.0199999999999605
386.565,0,119.66079,0.463449612403101,119.7,0.2517,-0.120000000000033
387.565,0,119.913654,0.46906976744186,119.9,0.2558,-0.359999999999992
388.565,0,120.166518,0.47468992248062,120.2,0.2599,-0.5
389.565,0,120.419382,0.48031007751938,120.5,0.264,-0.740000000000038
390.565,0,120.672246,0.48593023255814,120.7,0.2681,-0.880000000000017
391.565,0,120.92511,0.491647286821705,121,0.2723,-1.02000000000001
392.565,0,121.177974,0.497267441860465,121.2,0.2764,-1.26
393.565,0,121.430838,0.502984496124031,121.5,0.2807,-1.39999999999998
394.565,0,121.683702,0.508604651162791,121.7,0.285,-1.53999999999999
395.565,0,121.936566,0.514321705426357,122,0.2893,-1.78000000000005
396.565,4.85554676118426E-5,122.18943,0.519941860465116,122.2,0.2936,-1.92
397.565,0,122.442294,0.525658914728682,122.5,0.298,-2.16
398.565,0,122.695158,0.531279069767442,122.7,0.3023,-2.30000000000001
399.565,0,122.948022,0.536996124031008,123,0.3067,-2.44000000000003
400.565,0,123.200886,0.542616279069767,123.2,0.3111,-2.68000000000003
401.565,0,123.45375,0.548333333333333,123.5,0.3156,-2.82000000000001
402.565,0,123.706614,0.553953488372093,123.7,0.3201,-3.06000000000001
403.565,0,123.959478,0.559670542635659,124,0.3247,-3.19999999999999
404.565,4.87019396106717E-5,124.212342,0.565290697674419,124.2,0.3292,-3.34
405.565,0,124.465206,0.570910852713178,124.5,0.3337,-3.58000000000003
406.565,4.87751756100863E-5,124.71807,0.576531007751938,124.8,0.3383,-3.71999999999998
407.565,0,124.970934,0.582248062015504,125,0.3429,-3.85999999999999
408.565,0,125.223798,0.587868217054264,125.3,0.3476,-4.10000000000002
409.565,0,125.476662,0.593391472868217,125.5,0.3522,-4.24
410.565,0,125.729526,0.599011627906977,125.8,0.3569,-4.38000000000005
411.565,0,125.98239,0.604631782945736,126,0.3616,-4.62000000000002
412.565,0,126.235254,0.610251937984496,126.3,0.3664,-4.76
413.565,0,126.488118,0.61577519379845,126.5,0.3711,-4.90000000000001
414.565,0,126.740982,0.621298449612403,126.8,0.3758,-5.14000000000001
415.565,0,126.993846,0.626821705426357,127,0.3806,-5.28000000000002
416.565,0,127.24671,0.63234496124031,127.3,0.3854,-5.52
417.565,4.89216476089154E-5,127.499574,0.637868217054264,127.5,0.3903,-5.66
418.565,0,127.752438,0.643391472868217,127.8,0.3951,-5.79999999999998
419.565,0,128.005302,0.648817829457364,128,0.4,-6.03999999999998
420.565,0,128.258166,0.654244186046512,128.3,0.4049,-6.18000000000003
421.565,0,128.51103,0.659670542635659,128.5,0.4098,-6.31999999999998
422.565,0,128.763894,0.665096899224806,128.8,0.4147,-6.56000000000001
423.565,0,129.016758,0.670523255813953,129.1,0.4196,-6.70000000000002
424.565,0,129.269622,0.675852713178295,129.3,0.4245,-6.84
425.565,0,129.522486,0.681182170542636,129.6,0.4295,-7.08000000000003
426.565,0,129.77535,0.686511627906977,129.8,0.4345,-7.22000000000001
427.565,0,130.028214,0.691744186046512,130.1,0.4394,-7.36000000000002
428.565,0,130.281078,0.697073643410853,130.3,0.4445,-7.59999999999999
429.565,0,130.533942,0.702306201550388,130.6,0.4495,-7.74
430.565,4.92145916065735E-5,130.786806,0.707441860465116,130.8,0.4544,-7.88000000000005
431.565,0,131.03967,0.712674418604651,131.1,0.4595,-8.11999999999999
432.565,0,131.292534,0.71781007751938,131.3,0.4645,-8.26
433.565,0,131.545398,0.722945736434109,131.6,0.4696,-8.40000000000001
434.565,0,131.798262,0.727984496124031,131.8,0.4746,-8.53999999999998
435.565,0,132.051126,0.73312015503876,132.1,0.4797,-8.78000000000002
436.565,0,132.30399,0.738062015503876,132.3,0.4848,-8.92
437.565,0,132.556854,0.743100775193798,132.6,0.4899,-9.05999999999998
438.565,0,132.809718,0.748042635658915,132.8,0.4951,-9.30000000000001
439.565,0,133.062582,0.752984496124031,133.1,0.5003,-9.44000000000002
440.565,0,133.315446,0.757829457364341,133.4,0.5054,-9.58000000000003
441.565,0,133.56831,0.762674418604651,133.6,0.5106,-9.82000000000001
442.565,0,133.821174,0.767519379844961,133.9,0.5159,-9.96000000000002
443.565,0,134.074038,0.772267441860465,134.1,0.5211,-10.1
444.565,0,134.326902,0.777015503875969,134.4,0.5264,-10.24
445.565,0,134.579766,0.781763565891473,134.6,0.5316,-10.48
446.565,0,134.83263,0.786414728682171,134.9,0.5368,-10.62
447.565,0,135.085494,0.791065891472868,135.1,0.542,-10.76
448.565,0,135.338358,0.79562015503876,135.4,0.5472,-11
449.565,0,135.591222,0.800174418604651,135.6,0.5525,-11.14
450.565,0,135.844086,0.804631782945736,135.9,0.5577,-11.28
451.565,0,136.09695,0.809089147286822,136.1,0.5629,-11.42
452.565,0,136.349814,0.813546511627907,136.4,0.5682,-11.66
453.565,0,136.602678,0.817906976744186,136.6,0.5735,-11.8
454.565,0,136.855542,0.822170542635659,136.9,0.5787,-11.94
455.565,0,137.108406,0.826434108527132,137.1,0.5838,-12.1800000000001
456.565,0,137.36127,0.830697674418605,137.4,0.5891,-12.32
457.565,0,137.614134,0.834864341085271,137.6,0.5942,-12.46
458.565,0,137.866998,0.839031007751938,137.9,0.5995,-12.6
459.565,0,138.119862,0.843100775193798,138.2,0.6047,-12.84
460.565,0,138.372726,0.847170542635659,138.4,0.6099,-12.98
461.565,0,138.62559,0.851143410852713,138.7,0.6151,-13.12
462.565,0,138.878454,0.855116279069767,138.9,0.6204,-13.26
463.565,0,139.131318,0.858992248062015,139.2,0.6255,-13.5
464.565,0,139.384182,0.862771317829457,139.4,0.6305,-13.64
465.565,0,139.637046,0.866647286821705,139.7,0.6357,-13.78
466.565,0,139.88991,0.870329457364341,139.9,0.6408,-13.92
467.565,0,140.142774,0.874011627906977,140.2,0.6459,-14.16
468.565,0,140.395638,0.877693798449612,140.4,0.6511,-14.3
469.565,0,140.648502,0.881279069767442,140.7,0.6562,-14.44
470.565,0,140.901366,0.884767441860465,140.9,0.6613,-14.58
471.565,0,141.15423,0.888255813953488,141.2,0.6664,-14.82
472.565,0,141.407094,0.891647286821705,141.4,0.6714,-14.96
473.565,0,141.659958,0.895038759689922,141.7,0.6764,-15.1
474.565,0,141.912822,0.898333333333333,141.9,0.6813,-15.24
475.565,0,142.165686,0.901627906976744,142.2,0.6864,-15.38
476.565,0,142.41855,0.904825581395349,142.5,0.6913,-15.62
477.565,0,142.671414,0.907926356589147,142.7,0.6963,-15.76
478.565,0,142.924278,0.911027131782946,143,0.7012,-15.9
479.565,0,143.177142,0.914031007751938,143.2,0.7062,-16.04
480.565,0,143.430006,0.91703488372093,143.5,0.7112,-16.28
481.565,0,143.68287,0.919941860465116,143.7,0.716,-16.42
482.565,0,143.935734,0.922848837209302,144,0.7208,-16.56
483.565,0,144.188598,0.925658914728682,144.2,0.7256,-16.7
484.565,0,144.441462,0.928372093023256,144.5,0.7304,-16.84
485.565,0,144.694326,0.931085271317829,144.7,0.7352,-17.08
486.565,0,144.94719,0.933701550387597,145,0.7399,-17.22
487.565,0,145.200054,0.936220930232558,145.2,0.7446,-17.36
488.565,0,145.452918,0.938740310077519,145.5,0.7494,-17.5
489.565,0,145.705782,0.941162790697674,145.7,0.7541,-17.64
490.565,0,145.958646,0.943585271317829,146,0.7587,-17.78
491.565,0,146.21151,0.945910852713178,146.2,0.7633,-18.02
492.565,0,146.464374,0.948236434108527,146.5,0.7679,-18.16
493.565,0,146.717238,0.950368217054264,146.8,0.7724,-18.3
494.565,0,146.970102,0.952596899224806,147,0.777,-18.44
495.565,0,147.222966,0.954631782945736,147.3,0.7814,-18.58
496.565,0,147.47583,0.956666666666667,147.5,0.7859,-18.82
497.565,0,147.728694,0.958701550387597,147.8,0.7904,-18.96
498.565,0,147.981558,0.960930232558139,148,0.7952,-19.1
499.565,0,148.234422,0.962868217054264,148.3,0.7996,-19.24
500.565,0,148.487286,0.963837209302326,148.5,0.8032,-19.38
501.565,0,148.74015,0.96577519379845,148.8,0.8076,-19.52
502.565,0,148.993014,0.967713178294574,149,0.8121,-19.66
503.565,0,149.245878,0.969651162790698,149.3,0.8166,-19.9
504.565,0,149.498742,0.97062015503876,149.5,0.8203,-20.04
505.565,0,149.751606,0.972558139534884,149.8,0.8249,-20.18
506.565,0,150.00447,0.973527131782946,150,0.8287,-20.32
507.565,0,150.257334,0.97546511627907,150.3,0.8333,-20.46
508.565,0,150.510198,0.976434108527132,150.5,0.8371,-20.6
509.565,0,150.763062,0.977403100775194,150.8,0.8408,-20.74
510.565,0,151.015926,0.978372093023256,151.1,0.8445,-20.98
511.565,0,151.26879,0.98031007751938,151.3,0.8491,-21.12
512.565,0,151.521654,0.981279069767442,151.6,0.8529,-21.26
513.565,0,151.774518,0.982248062015504,151.8,0.8568,-21.4
514.565,0,152.027382,0.983217054263566,152.1,0.8606,-21.54
515.565,0,152.280246,0.984186046511628,152.3,0.8645,-21.68
516.565,0,152.53311,0.984186046511628,152.6,0.8675,-21.82
517.565,0,152.785974,0.98515503875969,152.8,0.8715,-21.96
518.565,0,153.038838,0.986124031007752,153.1,0.8753,-22.1
519.565,0,153.291702,0.987093023255814,153.3,0.8792,-22.34
520.565,0,153.544566,0.987093023255814,153.6,0.8822,-22.48
,,153.79743,0.988062015503876,153.8,0.8861,-22.62
,,154.050294,0.988062015503876,154.1,0.8891,-22.76
,,154.303158,0.989031007751938,154.3,0.893,-22.9
,,154.556022,0.989031007751938,154.6,0.8961,-23.04
,,154.808886,0.989031007751938,154.8,0.8992,-23.18
,,155.06175,0.989031007751938,155.1,0.9024,-23.32
,,155.314614,0.99,155.3,0.9064,-23.46
,,155.567478,0.99,155.6,0.9094,-23.6
,,155.820342,0.99,155.9,0.9122,-23.74
,,156.073206,0.99,156.1,0.9151,-23.88
,,156.32607,0.99,156.4,0.918,-24.12
,,156.578934,0.99,156.6,0.9209,-24.26
,,156.831798,0.989031007751938,156.9,0.923,-24.4
,,157.084662,0.989031007751938,157.1,0.926,-24.54
,,157.337526,0.989031007751938,157.4,0.9289,-24.68
,,157.59039,0.988062015503876,157.6,0.931,-24.82
,,157.843254,0.988062015503876,157.9,0.934,-24.96
,,158.096118,0.988062015503876,158.1,0.9369,-25.1
,,158.348982,0.987093023255814,158.4,0.9388,-25.24
,,158.601846,0.986124031007752,158.6,0.9406,-25.38
,,158.85471,0.986124031007752,158.9,0.9434,-25.52
,,159.107574,0.98515503875969,159.1,0.9453,-25.66
,,159.360438,0.984186046511628,159.4,0.9473,-25.8
,,159.613302,0.984186046511628,159.6,0.9501,-25.94
,,159.866166,0.983217054263566,159.9,0.952,-26.08
,,160.11903,0.982248062015504,160.2,0.954,-26.22
,,160.371894,0.981279069767442,160.4,0.956,-26.36
,,160.624758,0.98031007751938,160.7,0.9579,-26.5
,,160.877622,0.979341085271318,160.9,0.9597,-26.64
,,161.130486,0.978372093023256,161.2,0.9616,-26.78
,,161.38335,0.976434108527132,161.4,0.9625,-26.92
,,161.636214,0.97546511627907,161.7,0.9644,-27.06
,,161.889078,0.974496124031008,161.9,0.9663,-27.2
,,162.141942,0.973527131782946,162.2,0.9682,-27.34
,,162.394806,0.971589147286822,162.4,0.9692,-27.48
,,162.64767,0.97062015503876,162.7,0.9711,-27.62
,,162.900534,0.968682170542636,162.9,0.9721,-27.76
,,163.153398,0.967713178294574,163.2,0.974,-27.9
,,163.406262,0.96577519379845,163.4,0.9748,-28.04
,,163.659126,0.963837209302326,163.7,0.9757,-28.18
,,163.91199,0.962868217054264,163.9,0.9775,-28.32
,,164.164854,0.960930232558139,164.2,0.9784,-28.46
,,164.417718,0.958992248062015,164.5,0.9793,-28.6
,,164.670582,0.957441860465116,164.7,0.9806,-28.74
,,164.923446,0.955697674418605,165,0.9817,-28.88
,,165.17631,0.953856589147287,165.2,0.9827,-29.02
,,165.429174,0.951918604651163,165.5,0.9836,-29.16
,,165.682038,0.949980620155039,165.7,0.9845,-29.3
,,165.934902,0.948042635658915,166,0.9853,-29.44
,,166.187766,0.946007751937984,166.2,0.986,-29.57
,,166.44063,0.943972868217054,166.5,0.9867,-29.7
,,166.693494,0.941841085271318,166.7,0.9873,-29.84
,,166.946358,0.939709302325581,167,0.9879,-29.97
,,167.199222,0.937480620155039,167.2,0.9884,-30.1
,,167.452086,0.935251937984496,167.5,0.9889,-30.23
,,167.70495,0.933023255813954,167.7,0.9894,-30.36
,,167.957814,0.930697674418605,168,0.9898,-30.5
,,168.210678,0.928372093023256,168.2,0.9902,-30.63
,,168.463542,0.926046511627907,168.5,0.9906,-30.76
,,168.716406,0.923624031007752,168.8,0.9908,-30.89
,,168.96927,0.921201550387597,169,0.991,-31.02
,,169.222134,0.918682170542636,169.3,0.991,-31.15
,,169.474998,0.916162790697674,169.5,0.9911,-31.28
,,169.727862,0.913643410852713,169.8,0.9912,-31.41
,,169.980726,0.911027131782946,170,0.9912,-31.53
,,170.23359,0.908410852713178,170.3,0.9912,-31.66
,,170.486454,0.905794573643411,170.5,0.9912,-31.79
,,170.739318,0.903081395348837,170.8,0.991,-31.92
,,170.992182,0.900368217054264,171,0.9909,-32.05
,,171.245046,0.89765503875969,171.3,0.9907,-32.17
,,171.49791,0.89484496124031,171.5,0.9903,-32.3
,,171.750774,0.89203488372093,171.8,0.99,-32.42
,,172.003638,0.88922480620155,172,0.9896,-32.55
,,172.256502,0.886317829457364,172.3,0.9891,-32.68
,,172.509366,0.883507751937984,172.5,0.9888,-32.8
,,172.76223,0.880503875968992,172.8,0.9882,-32.93
,,173.015094,0.877596899224806,173.1,0.9877,-33.05
,,173.267958,0.874593023255814,173.3,0.9871,-33.17
,,173.520822,0.871589147286822,173.6,0.9865,-33.3
,,173.773686,0.868585271317829,173.8,0.9859,-33.42
,,174.02655,0.865581395348837,174.1,0.9857,-33.54
,,174.279414,0.862480620155039,174.3,0.9858,-33.67
,,174.532278,0.85937984496124,174.6,0.9858,-33.79
,,174.785142,0.856279069767442,174.8,0.9858,-33.91
,,175.038006,0.853081395348837,175.1,0.9857,-34.03
,,175.29087,0.849883720930233,175.3,0.9856,-34.15
,,175.543734,0.846686046511628,175.6,0.9855,-34.27
,,175.796598,0.843488372093023,175.8,0.9854,-34.39
,,176.049462,0.840290697674419,176.1,0.9853,-34.51
,,176.302326,0.836996124031008,176.3,0.9851,-34.63
,,176.55519,0.833701550387597,176.6,0.9849,-34.75
,,176.808054,0.830406976744186,176.8,0.9855,-34.87
,,177.060918,0.827112403100775,177.1,0.9869,-34.99
,,177.313782,0.823817829457364,177.3,0.9883,-35.11
,,177.566646,0.820426356589147,177.6,0.9896,-35.22
,,177.81951,0.81703488372093,177.9,0.991,-35.34
,,178.072374,0.813643410852713,178.1,0.9923,-35.46
,,178.325238,0.810251937984496,178.4,0.9937,-35.57
,,178.578102,0.806860465116279,178.6,0.9951,-35.69
,,178.830966,0.803372093023256,178.9,0.9964,-35.81
,,179.08383,0.799980620155039,179.1,0.9978,-35.93
,,179.336694,0.796492248062015,179.4,0.9991,-36.05
,,179.589558,0.793003875968992,179.6,1,-36.16
,,179.842422,0.789515503875969,179.9,0.9986,-36.27
,,180.095286,0.786027131782946,180.1,0.9972,-36.39
,,180.34815,0.782538759689922,180.4,0.9957,-36.5
,,180.601014,0.778953488372093,180.6,0.9942,-36.61
,,180.853878,0.77546511627907,180.9,0.9927,-36.73
,,181.106742,0.77187984496124,181.1,0.9911,-36.84
,,181.359606,0.768294573643411,181.4,0.9895,-36.95
,,181.61247,0.764709302325581,181.6,0.9879,-37.06
,,181.865334,0.761124031007752,181.9,0.9863,-37.17
,,182.118198,0.757538759689922,182.2,0.9847,-37.28
,,182.371062,0.753953488372093,182.4,0.9831,-37.39
,,182.623926,0.750368217054264,182.7,0.9814,-37.5
,,182.87679,0.746782945736434,182.9,0.9796,-37.61
,,183.129654,0.743100775193798,183.2,0.9777,-37.72
,,183.382518,0.739515503875969,183.4,0.976,-37.83
,,183.635382,0.735833333333333,183.7,0.974,-37.94
,,183.888246,0.732248062015504,183.9,0.9723,-38.05
,,184.14111,0.728565891472868,184.2,0.9703,-38.16
,,184.393974,0.724883720930233,184.4,0.9684,-38.26
,,184.646838,0.721298449612403,184.7,0.9666,-38.37
,,184.899702,0.717616279069767,184.9,0.9646,-38.48
,,185.152566,0.713934108527132,185.2,0.9626,-38.58
,,185.40543,0.710251937984496,185.4,0.9606,-38.69
,,185.658294,0.70656976744186,185.7,0.9585,-38.79
,,185.911158,0.702887596899225,185.9,0.9563,-38.9
,,186.164022,0.699205426356589,186.2,0.9542,-39
,,186.416886,0.695523255813953,186.5,0.952,-39.1
,,186.66975,0.691841085271318,186.7,0.9498,-39.21
,,186.922614,0.688158914728682,187,0.9476,-39.31
,,187.175478,0.684476744186047,187.2,0.9454,-39.41
,,187.428342,0.680891472868217,187.5,0.9433,-39.52
,,187.681206,0.677209302325581,187.7,0.941,-39.62
,,187.93407,0.673527131782946,188,0.9388,-39.72
,,188.186934,0.66984496124031,188.2,0.9365,-39.82
,,188.439798,0.666162790697674,188.5,0.9342,-39.92
,,188.692662,0.662480620155039,188.7,0.9318,-40.02
,,188.945526,0.658798449612403,189,0.9294,-40.12
,,189.19839,0.655116279069767,189.2,0.9269,-40.22
,,189.451254,0.651434108527132,189.5,0.9244,-40.32
,,189.704118,0.647751937984496,189.7,0.922,-40.42
,,189.956982,0.644166666666667,190,0.9196,-40.52
,,190.209846,0.640484496124031,190.2,0.9171,-40.61
,,190.46271,0.636802325581395,190.5,0.9146,-40.71
,,190.715574,0.633217054263566,190.8,0.9121,-40.81
,,190.968438,0.62953488372093,191,0.9096,-40.91
,,191.221302,0.625949612403101,191.3,0.9072,-41
,,191.474166,0.622267441860465,191.5,0.9046,-41.1
,,191.72703,0.618682170542636,191.8,0.9019,-41.19
,,191.979894,0.615,192,0.8992,-41.29
,,192.232758,0.611414728682171,192.3,0.8965,-41.38
,,192.485622,0.607829457364341,192.5,0.8939,-41.48
,,192.738486,0.604244186046512,192.8,0.8912,-41.57
,,192.99135,0.600658914728682,193,0.8885,-41.66
,,193.244214,0.597073643410853,193.3,0.8858,-41.76
,,193.497078,0.593488372093023,193.5,0.8831,-41.85
,,193.749942,0.589903100775194,193.8,0.8804,-41.95
,,194.002806,0.586317829457364,194,0.8776,-42.04
,,194.25567,0.582829457364341,194.3,0.875,-42.13
,,194.508534,0.579244186046512,194.5,0.8722,-42.22
,,194.761398,0.575755813953488,194.8,0.8695,-42.31
,,195.014262,0.572267441860465,195,0.8667,-42.4
,,195.267126,0.568682170542636,195.3,0.8637,-42.49
,,195.51999,0.565193798449612,195.6,0.8609,-42.58
,,195.772854,0.561705426356589,195.8,0.858,-42.67
,,196.025718,0.558313953488372,196.1,0.8553,-42.76
,,196.278582,0.554825581395349,196.3,0.8524,-42.85
,,196.531446,0.551337209302326,196.6,0.8495,-42.93
,,196.78431,0.547945736434108,196.8,0.8468,-43.02
,,197.037174,0.544457364341085,197.1,0.8439,-43.11
,,197.290038,0.541065891472868,197.3,0.8411,-43.19
,,197.542902,0.537674418604651,197.6,0.8383,-43.28
,,197.795766,0.534282945736434,197.8,0.8354,-43.36
,,198.04863,0.530891472868217,198.1,0.8324,-43.45
,,198.301494,0.5275,198.3,0.8295,-43.53
,,198.554358,0.524108527131783,198.6,0.8265,-43.62
,,198.807222,0.520813953488372,198.8,0.8236,-43.7
,,199.060086,0.517519379844961,199.1,0.8207,-43.78
,,199.31295,0.514127906976744,199.3,0.8177,-43.87
,,199.565814,0.510833333333333,199.6,0.8148,-43.95
,,199.818678,0.507538759689922,199.9,0.8119,-44.03
,,200.071542,0.504341085271318,200.1,0.8091,-44.11
,,200.324406,0.501046511627907,200.4,0.8061,-44.19
,,200.57727,0.497848837209302,200.6,0.8033,-44.27
,,200.830134,0.494554263565891,200.9,0.8003,-44.35
,,201.082998,0.491356589147287,201.1,0.7974,-44.43
,,201.335862,0.488158914728682,201.4,0.7944,-44.51
,,201.588726,0.484961240310078,201.6,0.7914,-44.59
,,201.84159,0.481763565891473,201.9,0.7884,-44.67
,,202.094454,0.478662790697674,202.1,0.7855,-44.75
,,202.347318,0.47546511627907,202.4,0.7825,-44.82
,,202.600182,0.472364341085271,202.6,0.7796,-44.9
,,202.853046,0.469263565891473,202.9,0.7767,-44.98
,,203.10591,0.466162790697674,203.1,0.7738,-45.05
,,203.358774,0.463062015503876,203.4,0.7708,-45.13
,,203.611638,0.460058139534884,203.6,0.768,-45.2
,,203.864502,0.456957364341085,203.9,0.765,-45.28
,,204.117366,0.453953488372093,204.2,0.7622,-45.35
,,204.37023,0.450949612403101,204.4,0.7592,-45.43
,,204.623094,0.447945736434109,204.7,0.7563,-45.5
,,204.875958,0.444941860465116,204.9,0.7533,-45.57
,,205.128822,0.44203488372093,205.2,0.7504,-45.65
,,205.381686,0.439031007751938,205.4,0.7474,-45.72
,,205.63455,0.436124031007752,205.7,0.7446,-45.79
,,205.887414,0.433217054263566,205.9,0.7417,-45.86
,,206.140278,0.43031007751938,206.2,0.7388,-45.93
,,206.393142,0.427403100775194,206.4,0.7359,-46
,,206.646006,0.424496124031008,206.7,0.7329,-46.07
,,206.89887,0.421686046511628,206.9,0.7301,-46.14
,,207.151734,0.418875968992248,207.2,0.7273,-46.21
,,207.404598,0.416065891472868,207.4,0.7245,-46.28
,,207.657462,0.413255813953488,207.7,0.7216,-46.35
,,207.910326,0.410445736434108,207.9,0.7187,-46.41
,,208.16319,0.407635658914729,208.2,0.7157,-46.48
,,208.416054,0.404922480620155,208.5,0.7129,-46.55
,,208.668918,0.402209302325581,208.7,0.7101,-46.61
,,208.921782,0.399496124031008,209,0.7073,-46.68
,,209.174646,0.396782945736434,209.2,0.7044,-46.75
,,209.42751,0.39406976744186,209.5,0.7015,-46.81
,,209.680374,0.391453488372093,209.7,0.6988,-46.88
,,209.933238,0.388740310077519,210,0.6959,-46.94
,,210.186102,0.386124031007752,210.2,0.6932,-47
,,210.438966,0.383507751937985,210.5,0.6905,-47.07
,,210.69183,0.380891472868217,210.7,0.6877,-47.14
,,210.944694,0.37827519379845,211,0.6849,-47.2
,,211.197558,0.375755813953488,211.2,0.6823,-47.26
,,211.450422,0.373236434108527,211.5,0.6797,-47.32
,,211.703286,0.37062015503876,211.7,0.6769,-47.39
,,211.95615,0.368197674418605,212,0.6745,-47.45
,,212.209014,0.365678294573643,212.2,0.6718,-47.51
,,212.461878,0.363158914728682,212.5,0.6692,-47.57
,,212.714742,0.360736434108527,212.7,0.6667,-47.63
,,212.967606,0.358217054263566,213,0.664,-47.68
,,213.22047,0.355794573643411,213.3,0.6614,-47.74
,,213.473334,0.353372093023256,213.5,0.6589,-47.8
,,213.726198,0.350949612403101,213.8,0.6563,-47.86
,,213.979062,0.348624031007752,214,0.654,-47.91
,,214.231926,0.346201550387597,214.3,0.6514,-47.97
,,214.48479,0.343875968992248,214.5,0.6489,-48.03
,,214.737654,0.341550387596899,214.8,0.6464,-48.08
,,214.990518,0.33922480620155,215,0.6438,-48.14
,,215.243382,0.336899224806202,215.3,0.6413,-48.19
,,215.496246,0.334573643410853,215.5,0.6388,-48.24
,,215.74911,0.33234496124031,215.8,0.6364,-48.298
,,216.001974,0.330019379844961,216,0.6338,-48.352
,,216.254838,0.327790697674419,216.3,0.6314,-48.404
,,216.507702,0.325562015503876,216.5,0.629,-48.457
,,216.760566,0.323333333333333,216.8,0.6265,-48.509
,,217.01343,0.321104651162791,217,0.6241,-48.561
,,217.266294,0.318972868217054,217.3,0.6218,-48.612
,,217.519158,0.316744186046512,217.6,0.6193,-48.663
,,217.772022,0.314612403100775,217.8,0.617,-48.713
,,218.024886,0.312480620155039,218.1,0.6146,-48.763
,,218.27775,0.310348837209302,218.3,0.6122,-48.812
,,218.530614,0.308217054263566,218.6,0.6098,-48.861
,,218.783478,0.306182170542636,218.8,0.6075,-48.91
,,219.036342,0.304050387596899,219.1,0.6051,-48.958
,,219.289206,0.302015503875969,219.3,0.6028,-49.006
,,219.54207,0.299980620155039,219.6,0.6005,-49.052
,,219.794934,0.297945736434109,219.8,0.5982,-49.099
,,220.047798,0.295910852713178,220.1,0.5959,-49.145
,,220.300662,0.293875968992248,220.3,0.5936,-49.191
,,220.553526,0.291841085271318,220.6,0.5913,-49.236
,,220.80639,0.289903100775194,220.8,0.5891,-49.281
,,221.059254,0.287868217054264,221.1,0.5868,-49.325
,,221.312118,0.285930232558139,221.3,0.5845,-49.3693
,,221.564982,0.283992248062015,221.6,0.5823,-49.4127
,,221.817846,0.282054263565891,221.9,0.58,-49.4557
,,222.07071,0.280116279069767,222.1,0.5777,-49.4982
,,222.323574,0.27827519379845,222.4,0.5755,-49.5404
,,222.576438,0.276337209302326,222.6,0.5732,-49.582
,,222.829302,0.274496124031008,222.9,0.5711,-49.623
,,223.082166,0.272558139534884,223.1,0.5687,-49.664
,,223.33503,0.270717054263566,223.4,0.5665,-49.704
,,223.587894,0.268875968992248,223.6,0.5644,-49.744
,,223.840758,0.26703488372093,223.9,0.5622,-49.783
,,224.093622,0.265290697674419,224.1,0.5602,-49.822
,,224.346486,0.263449612403101,224.4,0.5579,-49.86
,,224.59935,0.261608527131783,224.6,0.5557,-49.899
,,224.852214,0.259864341085271,224.9,0.5536,-49.936
,,225.105078,0.25812015503876,225.1,0.5515,-49.973
,,225.357942,0.256375968992248,225.4,0.5494,-50.009
,,225.610806,0.254631782945736,225.6,0.5472,-50.045
,,225.86367,0.252887596899225,225.9,0.545,-50.08
,,226.116534,0.251143410852713,226.2,0.5429,-50.115
,,226.369398,0.249399224806202,226.4,0.5407,-50.15
,,226.622262,0.247751937984496,226.7,0.5387,-50.185
,,226.875126,0.246007751937984,226.9,0.5364,-50.219
,,227.12799,0.244360465116279,227.2,0.5344,-50.252
,,227.380854,0.242713178294574,227.4,0.5324,-50.284
,,227.633718,0.241065891472868,227.7,0.5303,-50.317
,,227.886582,0.239418604651163,227.9,0.5283,-50.348
,,228.139446,0.237771317829457,228.2,0.5262,-50.38
,,228.39231,0.236124031007752,228.4,0.5241,-50.41
,,228.645174,0.234476744186047,228.7,0.522,-50.44
,,228.898038,0.232926356589147,228.9,0.52,-50.47
,,229.150902,0.231279069767442,229.2,0.5178,-50.5
,,229.403766,0.229728682170543,229.4,0.5158,-50.52
,,229.65663,0.228178294573643,229.7,0.5138,-50.56
,,229.909494,0.226531007751938,229.9,0.5116,-50.59
,,230.162358,0.224980620155039,230.2,0.5096,-50.62
,,230.415222,0.22343023255814,230.5,0.5076,-50.65
,,230.668086,0.221976744186047,230.7,0.5057,-50.67
,,230.92095,0.220426356589147,231,0.5037,-50.7
,,231.173814,0.218875968992248,231.2,0.5016,-50.72
,,231.426678,0.217422480620155,231.5,0.4997,-50.75
,,231.679542,0.215872093023256,231.7,0.4977,-50.77
,,231.932406,0.214418604651163,232,0.4958,-50.8
,,232.18527,0.21296511627907,232.2,0.4939,-50.82
,,232.438134,0.211414728682171,232.5,0.4917,-50.85
,,232.690998,0.209961240310078,232.7,0.4897,-50.87
,,232.943862,0.208507751937984,233,0.4877,-50.89
,,233.196726,0.207054263565891,233.2,0.4857,-50.91
,,233.44959,0.205697674418605,233.5,0.4839,-50.93
,,233.702454,0.204244186046512,233.7,0.4819,-50.95
,,233.955318,0.202790697674419,234,0.4798,-50.97
,,234.208182,0.201434108527132,234.2,0.478,-50.99
,,234.461046,0.199980620155039,234.5,0.476,-51.01
,,234.71391,0.198624031007752,234.7,0.4741,-51.03
,,234.966774,0.197170542635659,235,0.472,-51.05
,,235.219638,0.195813953488372,235.3,0.4702,-51.07
,,235.472502,0.194457364341085,235.5,0.4683,-51.09
,,235.725366,0.193100775193798,235.8,0.4664,-51.1
,,235.97823,0.191744186046512,236,0.4645,-51.12
,,236.231094,0.190387596899225,236.3,0.4625,-51.14
,,236.483958,0.189031007751938,236.5,0.4605,-51.15
,,236.736822,0.187771317829457,236.8,0.4588,-51.17
,,236.989686,0.186414728682171,237,0.4568,-51.18
,,237.24255,0.185058139534884,237.3,0.4548,-51.2
,,237.495414,0.183798449612403,237.5,0.453,-51.21
,,237.748278,0.182538759689922,237.8,0.4512,-51.22
,,238.001142,0.181182170542636,238,0.4491,-51.23
,,238.254006,0.179922480620155,238.3,0.4473,-51.25
,,238.50687,0.178662790697674,238.5,0.4455,-51.26
,,238.759734,0.177403100775194,238.8,0.4437,-51.27
,,239.012598,0.176046511627907,239,0.4416,-51.28
,,239.265462,0.174883720930233,239.3,0.44,-51.29
,,239.518326,0.173624031007752,239.6,0.4381,-51.3
,,239.77119,0.172364341085271,239.8,0.4362,-51.31
,,240.024054,0.171104651162791,240.1,0.4342,-51.32
,,240.276918,0.16984496124031,240.3,0.4323,-51.33
,,240.529782,0.168682170542636,240.6,0.4305,-51.33
,,240.782646,0.167422480620155,240.8,0.4286,-51.34
,,241.03551,0.166259689922481,241.1,0.4268,-51.35
,,241.288374,0.165,241.3,0.4248,-51.35
,,241.541238,0.163837209302326,241.6,0.4231,-51.36
,,241.794102,0.162577519379845,241.8,0.421,-51.36
,,242.046966,0.161414728682171,242.1,0.4193,-51.37
,,242.29983,0.160251937984496,242.3,0.4175,-51.37
,,242.552694,0.159089147286822,242.6,0.4157,-51.38
,,242.805558,0.157926356589147,242.8,0.4138,-51.38
,,243.058422,0.156763565891473,243.1,0.412,-51.38
,,243.311286,0.155600775193798,243.3,0.4102,-51.39
,,243.56415,0.154437984496124,243.6,0.4083,-51.39
,,243.817014,0.15327519379845,243.9,0.4064,-51.39
,,244.069878,0.152209302325581,244.1,0.4048,-51.39
,,244.322742,0.151046511627907,244.4,0.4028,-51.39
,,244.575606,0.149883720930233,244.6,0.4009,-51.39
,,244.82847,0.148817829457364,244.9,0.3992,-51.39
,,245.081334,0.14765503875969,245.1,0.3973,-51.39
,,245.334198,0.146589147286822,245.4,0.3955,-51.39
,,245.587062,0.145426356589147,245.6,0.3936,-51.38
,,245.839926,0.144360465116279,245.9,0.3918,-51.38
,,246.09279,0.143294573643411,246.1,0.3901,-51.38
,,246.345654,0.142228682170543,246.4,0.3883,-51.37
,,246.598518,0.141065891472868,246.6,0.3863,-51.37
,,246.851382,0.14,246.9,0.3846,-51.36
,,247.104246,0.138934108527132,247.1,0.3828,-51.36
,,247.35711,0.137868217054264,247.4,0.381,-51.35
,,247.609974,0.136802325581395,247.6,0.3792,-51.35
,,247.862838,0.135736434108527,247.9,0.3773,-51.34
,,248.115702,0.134767441860465,248.2,0.3757,-51.33
,,248.368566,0.133701550387597,248.4,0.3738,-51.33
,,248.62143,0.132635658914729,248.7,0.372,-51.32
,,248.874294,0.13156976744186,248.9,0.3701,-51.31
,,249.127158,0.130600775193798,249.2,0.3684,-51.3
,,249.380022,0.12953488372093,249.4,0.3665,-51.29
,,249.632886,0.128565891472868,249.7,0.3649,-51.28
,,249.88575,0.1275,249.9,0.3629,-51.27
,,250.138614,0.126531007751938,250.2,0.3612,-51.26
,,250.391478,0.12546511627907,250.4,0.3593,-51.25
,,250.644342,0.124496124031008,250.7,0.3576,-51.23
,,250.897206,0.123527131782946,250.9,0.3559,-51.22
,,251.15007,0.122558139534884,251.2,0.3542,-51.21
,,251.402934,0.121492248062015,251.4,0.3522,-51.2
,,251.655798,0.120523255813953,251.7,0.3504,-51.19
,,251.908662,0.119554263565891,251.9,0.3487,-51.17
,,252.161526,0.118585271317829,252.2,0.3469,-51.16
,,252.41439,0.117616279069767,252.4,0.3451,-51.14
,,252.667254,0.116647286821705,252.7,0.3433,-51.13
,,252.920118,0.115678294573643,253,0.3414,-51.11
,,253.172982,0.114709302325581,253.2,0.3396,-51.09
,,253.425846,0.113837209302326,253.5,0.338,-51.07
,,253.67871,0.112868217054264,253.7,0.3362,-51.06
,,253.931574,0.111899224806202,254,0.3343,-51.04
,,254.184438,0.11093023255814,254.2,0.3325,-51.02
,,254.437302,0.110058139534884,254.5,0.3309,-51
,,254.690166,0.109089147286822,254.7,0.329,-50.98
,,254.94303,0.108217054263566,255,0.3274,-50.96
,,255.195894,0.107248062015504,255.2,0.3255,-50.94
,,255.448758,0.106375968992248,255.5,0.3238,-50.91
,,255.701622,0.105406976744186,255.7,0.3219,-50.89
,,255.954486,0.10453488372093,256,0.3202,-50.87
,,256.20735,0.103565891472868,256.2,0.3182,-50.85
,,256.460214,0.102693798449612,256.5,0.3165,-50.82
,,256.713078,0.101821705426357,256.7,0.3148,-50.8
,,256.965942,0.100949612403101,257,0.3131,-50.77
,,257.218806,0.0999806201550388,257.3,0.3111,-50.75
,,257.47167,0.0991085271317829,257.5,0.3093,-50.72
,,257.724534,0.0982364341085271,257.8,0.3076,-50.69
,,257.977398,0.0973643410852713,258,0.3058,-50.67
,,258.230262,0.0964922480620155,258.3,0.304,-50.64
,,258.483126,0.0956201550387597,258.5,0.3023,-50.61
,,258.73599,0.0947480620155039,258.8,0.3005,-50.58
,,258.988854,0.0938759689922481,259,0.2987,-50.56
,,259.241718,0.0930038759689922,259.3,0.2969,-50.53
,,259.494582,0.0921317829457364,259.5,0.2951,-50.5
,,259.747446,0.0913565891472868,259.8,0.2935,-50.47
,,260.00031,0.090484496124031,260,0.2917,-50.43
,,260.253174,0.0896124031007752,260.3,0.2898,-50.4
,,260.506038,0.0887403100775194,260.5,0.2879,-50.37
,,260.758902,0.0879651162790698,260.8,0.2863,-50.34
,,261.011766,0.087093023255814,261,0.2844,-50.31
,,261.26463,0.0862790697674419,261.3,0.2827,-50.27
,,261.517494,0.0854554263565892,261.6,0.2809,-50.24
,,261.770358,0.0846317829457364,261.8,0.2791,-50.2
,,262.023222,0.0838081395348837,262.1,0.2773,-50.17
,,262.276086,0.0829941860465116,262.3,0.2756,-50.13
,,262.52895,0.0821705426356589,262.6,0.2738,-50.1
,,262.781814,0.0813662790697675,262.8,0.272,-50.06
,,263.034678,0.080562015503876,263.1,0.2702,-50.02
,,263.287542,0.0797577519379845,263.3,0.2685,-49.99
,,263.540406,0.078953488372093,263.6,0.2667,-49.95
,,263.79327,0.0781589147286822,263.8,0.2649,-49.91
,,264.046134,0.0773643410852713,264.1,0.2631,-49.87
,,264.298998,0.0765697674418605,264.3,0.2613,-49.83
,,264.551862,0.0757848837209302,264.6,0.2595,-49.79
,,264.804726,0.075,264.8,0.2577,-49.75
,,265.05759,0.0742248062015504,265.1,0.256,-49.71
,,265.310454,0.0734399224806202,265.3,0.2542,-49.67
,,265.563318,0.0726744186046512,265.6,0.2524,-49.62
,,265.816182,0.0718992248062015,265.9,0.2506,-49.58
,,266.069046,0.0711337209302326,266.1,0.2488,-49.54
,,266.32191,0.0703682170542636,266.4,0.247,-49.49
,,266.574774,0.0696124031007752,266.6,0.2453,-49.45
,,266.827638,0.0688565891472868,266.9,0.2435,-49.4
,,267.080502,0.0681007751937985,267.1,0.2417,-49.36
,,267.333366,0.0673449612403101,267.4,0.2399,-49.31
,,267.58623,0.0665988372093023,267.6,0.2382,-49.27
,,267.839094,0.0658624031007752,267.9,0.2364,-49.22
,,268.091958,0.0651162790697674,268.1,0.2346,-49.17
,,268.344822,0.0643798449612403,268.4,0.2329,-49.12
,,268.597686,0.0636434108527132,268.6,0.2311,-49.08
,,268.85055,0.0629166666666667,268.9,0.2293,-49.03
,,269.103414,0.0621899224806202,269.1,0.2275,-48.98
,,269.356278,0.0614631782945736,269.4,0.2257,-48.93
,,269.609142,0.0607461240310078,269.6,0.2239,-48.88
,,269.862006,0.0600290697674419,269.9,0.2222,-48.83
,,270.11487,0.059312015503876,270.1,0.2204,-48.77
,,270.367734,0.0586046511627907,270.4,0.2186,-48.72
,,270.620598,0.0578972868217054,270.7,0.2168,-48.67
,,270.873462,0.0571899224806202,270.9,0.2151,-48.62
,,271.126326,0.0564922480620155,271.2,0.2133,-48.56
,,271.37919,0.0557945736434109,271.4,0.2116,-48.51
,,271.632054,0.0551065891472868,271.7,0.2098,-48.45
,,271.884918,0.0544089147286822,271.9,0.208,-48.4
,,272.137782,0.0537209302325581,272.2,0.2063,-48.34
,,272.390646,0.0530426356589147,272.4,0.2046,-48.29
,,272.64351,0.0523643410852713,272.7,0.2028,-48.23
,,272.896374,0.0516860465116279,272.9,0.201,-48.17
,,273.149238,0.0510174418604651,273.2,0.1993,-48.12
,,273.402102,0.0503391472868217,273.4,0.1975,-48.06
,,273.654966,0.0496802325581395,273.7,0.1958,-48
,,273.90783,0.0490116279069767,273.9,0.194,-47.94
,,274.160694,0.0483527131782946,274.2,0.1923,-47.88
,,274.413558,0.047703488372093,274.4,0.1906,-47.82
,,274.666422,0.0470445736434108,274.7,0.1888,-47.76
,,274.919286,0.0463953488372093,275,0.1871,-47.7
,,275.17215,0.0457558139534884,275.2,0.1854,-47.63
,,275.425014,0.0451162790697674,275.5,0.1837,-47.57
,,275.677878,0.0444767441860465,275.7,0.182,-47.51
,,275.930742,0.0438372093023256,276,0.1802,-47.45
,,276.183606,0.0432073643410853,276.2,0.1785,-47.38
,,276.43647,0.042577519379845,276.5,0.1768,-47.33
,,276.689334,0.0419573643410853,276.7,0.1751,-47.26
,,276.942198,0.0413372093023256,277,0.1734,-47.2
,,277.195062,0.0407170542635659,277.2,0.1717,-47.13
,,277.447926,0.0401065891472868,277.5,0.17,-47.06
,,277.70079,0.0394961240310077,277.7,0.1683,-47
,,277.953654,0.0388953488372093,278,0.1667,-46.93
,,278.206518,0.0382945736434109,278.2,0.165,-46.86
,,278.459382,0.0376937984496124,278.5,0.1633,-46.79
,,278.712246,0.0371027131782946,278.7,0.1616,-46.72
,,278.96511,0.0365116279069767,279,0.16,-46.65
,,279.217974,0.0359205426356589,279.3,0.1583,-46.58
,,279.470838,0.0353391472868217,279.5,0.1566,-46.51
,,279.723702,0.0347674418604651,279.8,0.155,-46.44
,,279.976566,0.0341860465116279,280,0.1533,-46.37
,,280.22943,0.0336143410852713,280.3,0.1517,-46.29
,,280.482294,0.0330523255813953,280.5,0.1501,-46.22
,,280.735158,0.0324903100775194,280.8,0.1485,-46.15
,,280.988022,0.0319282945736434,281,0.1468,-46.07
,,281.240886,0.0313759689922481,281.3,0.1452,-46
,,281.49375,0.0308236434108527,281.5,0.1436,-45.92
,,281.746614,0.0302713178294574,281.8,0.142,-45.85
,,281.999478,0.0297286821705426,282,0.1404,-45.77
,,282.252342,0.0291860465116279,282.3,0.1388,-45.69
,,282.505206,0.0286531007751938,282.5,0.1372,-45.62
,,282.75807,0.0281201550387597,282.8,0.1356,-45.54
,,283.010934,0.0275968992248062,283,0.134,-45.46
,,283.263798,0.0270736434108527,283.3,0.1325,-45.38
,,283.516662,0.0265503875968992,283.6,0.1309,-45.3
,,283.769526,0.0260368217054264,283.8,0.1293,-45.22
,,284.02239,0.0255232558139535,284.1,0.1278,-45.14
,,284.275254,0.0250193798449612,284.3,0.1263,-45.06
,,284.528118,0.024515503875969,284.6,0.1247,-44.98
,,284.780982,0.0240116279069767,284.8,0.1232,-44.9
,,285.033846,0.0235174418604651,285.1,0.1217,-44.81
,,285.28671,0.0230329457364341,285.3,0.1202,-44.73
,,285.539574,0.0225387596899225,285.6,0.1187,-44.65
,,285.792438,0.0220639534883721,285.8,0.1172,-44.56
,,286.045302,0.0215794573643411,286.1,0.1157,-44.48
,,286.298166,0.0211046511627907,286.3,0.1142,-44.39
,,286.55103,0.0206395348837209,286.6,0.1127,-44.31
,,286.803894,0.0201744186046512,286.8,0.1113,-44.22
,,287.056758,0.0197093023255814,287.1,0.1098,-44.13
,,287.309622,0.0192538759689923,287.3,0.1083,-44.05
,,287.562486,0.0187984496124031,287.6,0.1069,-43.96
,,287.81535,0.0183527131782946,287.9,0.1055,-43.87
,,288.068214,0.017906976744186,288.1,0.104,-43.78
,,288.321078,0.0174612403100775,288.4,0.1026,-43.69
,,288.573942,0.0170251937984496,288.6,0.1012,-43.6
,,288.826806,0.0165988372093023,288.9,0.09982,-43.51
,,289.07967,0.016172480620155,289.1,0.09844,-43.42
,,289.332534,0.0157461240310078,289.4,0.09705,-43.33
,,289.585398,0.0153294573643411,289.6,0.09569,-43.23
,,289.838262,0.0149127906976744,289.9,0.09433,-43.14
,,290.091126,0.0145058139534884,290.1,0.093,-43.05
,,290.34399,0.0140988372093023,290.4,0.09166,-42.95
,,290.596854,0.0136918604651163,290.6,0.09032,-42.86
,,290.849718,0.0132945736434109,290.9,0.08899,-42.76
,,291.102582,0.012906976744186,291.1,0.0877,-42.67
,,291.355446,0.0125096899224806,291.4,0.08636,-42.57
,,291.60831,0.0121317829457364,291.6,0.0851,-42.47
,,291.861174,0.0117441860465116,291.9,0.08379,-42.38
,,292.114038,0.0113662790697674,292.1,0.08251,-42.28
,,292.366902,0.0109980620155039,292.4,0.08126,-42.18
,,292.619766,0.0106298449612403,292.7,0.08001,-42.08
,,292.87263,0.0102713178294574,292.9,0.07879,-41.98
,,293.125494,0.0099031007751938,293.2,0.07753,-41.88
,,293.378358,0.00955426356589147,293.4,0.07634,-41.78
,,293.631222,0.00920542635658915,293.7,0.07514,-41.68
,,293.884086,0.00885658914728682,293.9,0.07394,-41.58
,,294.13695,0.0085077519379845,294.2,0.07273,-41.48
,,294.389814,0.00816860465116279,294.4,0.07155,-41.37
,,294.642678,0.0078391472868217,294.7,0.07041,-41.27
,,294.895542,0.00750968992248062,294.9,0.06927,-41.17
,,295.148406,0.00718023255813953,295.2,0.06811,-41.06
,,295.40127,0.00686046511627907,295.4,0.06699,-40.96
,,295.654134,0.0065406976744186,295.7,0.06586,-40.85
,,295.906998,0.00623062015503876,295.9,0.06476,-40.75
,,296.159862,0.00592054263565891,296.2,0.06366,-40.64
,,296.412726,0.00562015503875969,296.4,0.06259,-40.53
,,296.66559,0.00531007751937984,296.7,0.06148,-40.42
,,296.918454,0.00501937984496124,297,0.06044,-40.32
,,297.171318,0.00472868217054264,297.2,0.0594,-40.21
,,297.424182,0.00443798449612403,297.5,0.05835,-40.1
,,297.677046,0.00414728682170543,297.7,0.0573,-39.99
,,297.92991,0.00386627906976744,298,0.05628,-39.88
,,298.182774,0.00359496124031008,298.2,0.0553,-39.77
,,298.435638,0.00332364341085271,298.5,0.05431,-39.66
,,298.688502,0.00305232558139535,298.7,0.05332,-39.54
,,298.941366,0.00278100775193798,299,0.05232,-39.48
,,299.19423,0.00252906976744186,299.2,0.0514,-39.32
,,299.447094,0.00226744186046512,299.5,0.05044,-39.16
,,299.699958,0.00201550387596899,299.7,0.04951,-39.1
,,299.952822,0.00176356589147287,300,0.04858,-38.94
,,300.205686,0.00152131782945737,300.2,0.04768,-38.88
,,300.45855,0.00127906976744186,300.5,0.04677,-38.72
,,300.711414,0.00103682170542636,300.7,0.04586,-38.66
,,300.964278,8.04263565891472E-4,301,0.04499,-38.5
,,301.217142,5.71705426356589E-4,301.3,0.04412,-38.44
,,301.470006,3.48837209302325E-4,301.5,0.04328,-38.28
,,301.72287,1.2596899224806E-4,301.8,0.04243,-38.12
,,301.975734,-9.68992248062007E-5,302,0.04159,-38.06
,,302.228598,-3.12984496124031E-4,302.3,0.04076,-37.9
,,302.481462,-5.25193798449612E-4,302.5,0.03996,-37.84
,,302.734326,-7.33527131782945E-4,302.8,0.03916,-37.68
,,302.98719,-9.38953488372092E-4,303,0.03837,-37.52
,,303.240054,-0.00114050387596899,303.3,0.0376,-37.46
,,303.492918,-0.00133914728682171,303.5,0.03683,-37.3
,,303.745782,-0.00153391472868217,303.8,0.03608,-37.14
,,303.998646,-0.00172577519379845,304,0.03534,-37.08
,,304.25151,-0.00191375968992248,304.3,0.03461,-36.92
,,304.504374,-0.00209786821705426,304.5,0.0339,-36.86
,,304.757238,-0.00227906976744186,304.8,0.03319,-36.7
,,305.010102,-0.00245736434108527,305,0.03249,-36.54
,,305.262966,-0.00263178294573643,305.3,0.03181,-36.48
,,305.51583,-0.00280329457364341,305.6,0.03113,-36.32
,,305.768694,-0.0029718992248062,305.8,0.03046,-36.16
,,306.021558,-0.00313662790697674,306.1,0.02981,-36.1
,,306.274422,-0.00329941860465116,306.3,0.02916,-35.94
,,306.527286,-0.00345833333333333,306.6,0.02853,-35.78
,,306.78015,-0.00361337209302326,306.8,0.02791,-35.62
,,307.033014,-0.00376647286821705,307.1,0.0273,-35.56
,,307.285878,-0.00391569767441861,307.3,0.0267,-35.4
,,307.538742,-0.00406298449612403,307.6,0.02611,-35.24
,,307.791606,-0.00420639534883721,307.8,0.02553,-35.18
,,308.04447,-0.0043468992248062,308.1,0.02496,-35.02
,,308.297334,-0.00448546511627907,308.3,0.0244,-34.86
,,308.550198,-0.00462015503875969,308.6,0.02386,-34.7
,,308.803062,-0.00475290697674419,308.8,0.02332,-34.64
,,309.055926,-0.00488178294573643,309.1,0.02279,-34.48
,,309.30879,-0.00500872093023256,309.3,0.02227,-34.32
,,309.561654,-0.0051327519379845,309.6,0.02176,-34.16
,,309.814518,-0.00525387596899225,309.8,0.02127,-34.1
,,310.067382,-0.00537306201550388,310.1,0.02078,-33.94
,,310.320246,-0.00548934108527132,310.4,0.02029,-33.78
,,310.57311,-0.00560271317829457,310.6,0.01982,-33.62
,,310.825974,-0.00571414728682171,310.9,0.01936,-33.46
,,311.078838,-0.00582267441860465,311.1,0.01891,-33.4
,,311.331702,-0.00592829457364341,311.4,0.01847,-33.24
,,311.584566,-0.00603197674418605,311.6,0.01803,-33.08
,,311.83743,-0.00613372093023256,311.9,0.01761,-32.92
,,312.090294,-0.00623255813953488,312.1,0.01719,-32.76
,,312.343158,-0.00632848837209302,312.4,0.01679,-32.7
,,312.596022,-0.0064234496124031,312.6,0.01639,-32.54
,,312.848886,-0.00651453488372093,312.9,0.016,-32.38
,,313.10175,-0.0066046511627907,313.1,0.01562,-32.22
,,313.354614,-0.00669282945736434,313.4,0.01525,-32.06
,,313.607478,-0.0067781007751938,313.6,0.01489,-31.9
,,313.860342,-0.00686143410852713,313.9,0.01453,-31.84
,,314.113206,-0.00694282945736434,314.1,0.01418,-31.68
,,314.36607,-0.00702131782945736,314.4,0.01385,-31.52
,,314.618934,-0.00709883720930233,314.7,0.01352,-31.36
,,314.871798,-0.00717441860465116,314.9,0.01319,-31.2
,,315.124662,-0.00724709302325581,315.2,0.01288,-31.04
,,315.377526,-0.0073187984496124,315.4,0.01257,-30.88
,,315.63039,-0.00738856589147287,315.7,0.01226,-30.72
,,315.883254,-0.00745542635658915,315.9,0.01197,-30.66
,,316.136118,-0.00752131782945737,316.2,0.01169,-30.5
,,316.388982,-0.00758527131782946,316.4,0.01141,-30.34
,,316.641846,-0.00764825581395349,316.7,0.01113,-30.18
,,316.89471,-0.00770833333333333,316.9,0.01087,-30.02
,,317.147574,-0.00776744186046512,317.2,0.01061,-29.86
,,317.400438,-0.00782461240310077,317.4,0.01036,-29.7
,,317.653302,-0.00788081395348837,317.7,0.01011,-29.54
,,317.906166,-0.00793410852713178,317.9,0.00988,-29.38
,,318.15903,-0.00798740310077519,318.2,0.00964,-29.22
,,318.411894,-0.00803779069767442,318.4,0.00942,-29.06
,,318.664758,-0.00808720930232558,318.7,0.0092,-28.9
,,318.917622,-0.00813565891472868,319,0.00899,-28.74
,,319.170486,-0.00818217054263566,319.2,0.00878,-28.58
,,319.42335,-0.00822771317829457,319.5,0.00858,-28.42
,,319.676214,-0.00827131782945736,319.7,0.00839,-28.26
,,319.929078,-0.00831395348837209,320,0.0082,-28.1
,,320.181942,-0.0083546511627907,320.2,0.00801,-27.94
,,320.434806,-0.0083953488372093,320.5,0.00783,-27.78
,,320.68767,-0.00843410852713178,320.7,0.00766,-27.62
,,320.940534,-0.00847093023255814,321,0.00749,-27.46
,,321.193398,-0.0085077519379845,321.2,0.00732,-27.3
,,321.446262,-0.00854263565891473,321.5,0.00717,-27.14
,,321.699126,-0.0085765503875969,321.7,0.00701,-26.98
,,321.95199,-0.00860949612403101,322,0.00687,-26.82
,,322.204854,-0.00864147286821705,322.2,0.00672,-26.66
,,322.457718,-0.00867151162790698,322.5,0.00658,-26.5
,,322.710582,-0.0087015503875969,322.7,0.00645,-26.34
,,322.963446,-0.00873062015503876,323,0.00632,-26.18
,,323.21631,-0.0087577519379845,323.3,0.00619,-26.02
,,323.469174,-0.00878488372093023,323.5,0.00607,-25.86
,,323.722038,-0.00881104651162791,323.8,0.00595,-25.7
,,323.974902,-0.00883527131782946,324,0.00584,-25.54
,,324.227766,-0.00885949612403101,324.3,0.00573,-25.28
,,324.48063,-0.0088827519379845,324.5,0.00563,-25.12
,,324.733494,-0.00890503875968992,324.8,0.00553,-24.96
,,324.986358,-0.00892732558139535,325,0.00542,-24.8
,,325.239222,-0.00894767441860465,325.3,0.00533,-24.64
,,325.492086,-0.00896802325581395,325.5,0.00524,-24.48
,,325.74495,-0.00898740310077519,325.8,0.00515,-24.32
,,325.997814,-0.00900581395348837,326,0.00507,-24.16
,,326.250678,-0.00902325581395349,326.3,0.00499,-23.9
,,326.503542,-0.0090406007751938,326.5,0.00491,-23.74
,,326.756406,-0.00905717054263566,326.8,0.00483,-23.58
,,327.00927,-0.00907306201550388,327,0.00476,-23.42
,,327.262134,-0.00908837209302326,327.3,0.00469,-23.26
,,327.514998,-0.0091031007751938,327.5,0.00462,-23.1
,,327.767862,-0.0091172480620155,327.8,0.00456,-22.94
,,328.020726,-0.00913081395348837,328.1,0.0045,-22.68
,,328.27359,-0.0091437984496124,328.3,0.00444,-22.52
,,328.526454,-0.0091562984496124,328.6,0.00438,-22.36
,,328.779318,-0.00916831395348837,328.8,0.00433,-22.2
,,329.032182,-0.00917984496124031,329.1,0.00428,-22.04
,,329.285046,-0.00919089147286822,329.3,0.00423,-21.78
,,329.53791,-0.00920145348837209,329.6,0.00418,-21.62
,,329.790774,-0.00921162790697674,329.8,0.00414,-21.46
,,330.043638,-0.00922141472868217,330.1,0.00409,-21.3
,,330.296502,-0.00923071705426357,330.3,0.00405,-21.04
,,330.549366,-0.00923963178294574,330.6,0.00401,-20.88
,,330.80223,-0.00924825581395349,330.8,0.00398,-20.72
,,331.055094,-0.00925649224806202,331.1,0.00394,-20.56
,,331.307958,-0.00926434108527132,331.3,0.00391,-20.3
,,331.560822,-0.0092718992248062,331.6,0.00387,-20.14
,,331.813686,-0.00927916666666667,331.8,0.00384,-19.98
,,332.06655,-0.00928604651162791,332.1,0.00381,-19.82
,,332.319414,-0.00929273255813953,332.4,0.00378,-19.56
,,332.572278,-0.00929903100775194,332.6,0.00376,-19.4
,,332.825142,-0.00930513565891473,332.9,0.00373,-19.24
,,333.078006,-0.00931104651162791,333.1,0.00371,-18.98
,,333.33087,-0.00931656976744186,333.4,0.00368,-18.82
,,333.583734,-0.00932199612403101,333.6,0.00366,-18.66
,,333.836598,-0.00932713178294574,333.9,0.00364,-18.5
,,334.089462,-0.00933207364341085,334.1,0.00362,-18.24
,,334.342326,-0.00933682170542636,334.4,0.0036,-18.08
,,334.59519,-0.00934137596899225,334.6,0.00358,-17.92
,,334.848054,-0.00934583333333333,334.9,0.00357,-17.66
,,335.100918,-0.00935,335.1,0.00355,-17.5
,,335.353782,-0.00935406976744186,335.4,0.00354,-17.34
,,335.606646,-0.00935804263565891,335.6,0.00352,-17.08
,,335.85951,-0.00936182170542636,335.9,0.00351,-16.92
,,336.112374,-0.00936540697674419,336.1,0.00349,-16.66
,,336.365238,-0.00936899224806202,336.4,0.00348,-16.5
,,336.618102,-0.00937238372093023,336.7,0.00347,-16.34
,,336.870966,-0.00937567829457364,336.9,0.00346,-16.08
,,337.12383,-0.00937887596899225,337.2,0.00344,-15.92
,,337.376694,-0.00938197674418605,337.4,0.00343,-15.76
,,337.629558,-0.00938507751937985,337.7,0.00342,-15.5
,,337.882422,-0.00938798449612403,337.9,0.00341,-15.34
,,338.135286,-0.00939089147286822,338.2,0.0034,-15.08
,,338.38815,-0.0093937015503876,338.4,0.0034,-14.92
,,338.641014,-0.00939651162790698,338.7,0.00339,-14.66
,,338.893878,-0.00939922480620155,338.9,0.00338,-14.5
,,339.146742,-0.00940184108527132,339.2,0.00337,-14.34
,,339.399606,-0.00940445736434108,339.4,0.00336,-14.08
,,339.65247,-0.00940707364341085,339.7,0.00335,-13.92
,,339.905334,-0.00940959302325581,339.9,0.00334,-13.66
,,340.158198,-0.00941211240310078,340.2,0.00334,-13.5
,,340.411062,-0.00941463178294574,340.4,0.00333,-13.24
,,340.663926,-0.00941705426356589,340.7,0.00332,-13.08
,,340.91679,-0.00941957364341085,341,0.00331,-12.82
,,341.169654,-0.00942199612403101,341.2,0.00331,-12.66
,,341.422518,-0.00942451550387597,341.5,0.0033,-12.4
,,341.675382,-0.00942693798449612,341.7,0.00329,-12.24
,,341.928246,-0.00942936046511628,342,0.00328,-11.98
,,342.18111,-0.00943187984496124,342.2,0.00327,-11.82
,,342.433974,-0.0094343023255814,342.5,0.00326,-11.56
,,342.686838,-0.00943682170542636,342.7,0.00326,-11.4
,,342.939702,-0.00943924418604651,343,0.00325,-11.14
,,343.192566,-0.00944176356589147,343.2,0.00324,-10.98
,,343.44543,-0.00944428294573643,343.5,0.00323,-10.72
,,343.698294,-0.0094468023255814,343.7,0.00322,-10.56
,,343.951158,-0.00944941860465116,344,0.00321,-10.3
,,344.204022,-0.00945193798449612,344.2,0.0032,-10.14
,,344.456886,-0.00945455426356589,344.5,0.00319,-9.87999999999998
,,344.70975,-0.00945726744186047,344.7,0.00318,-9.62
,,344.962614,-0.00945988372093023,345,0.00317,-9.45999999999999
,,345.215478,-0.00946259689922481,345.3,0.00316,-9.19999999999999
,,345.468342,-0.00946531007751938,345.5,0.00315,-9.04000000000001
,,345.721206,-0.00946812015503876,345.8,0.00314,-8.78000000000002
,,345.97407,-0.00947093023255814,346,0.00313,-8.61999999999997
,,346.226934,-0.00947374031007752,346.3,0.00312,-8.35999999999997
,,346.479798,-0.00947664728682171,346.5,0.00311,-8.10000000000002
,,346.732662,-0.00947955426356589,346.8,0.0031,-7.93999999999999
,,346.985526,-0.00948255813953488,347,0.00309,-7.67999999999999
,,347.23839,-0.00948546511627907,347.3,0.00308,-7.52
,,347.491254,-0.00948856589147287,347.5,0.00306,-7.25999999999998
,,347.744118,-0.00949156976744186,347.8,0.00305,-7
,,347.996982,-0.00949476744186047,348,0.00304,-6.84
,,348.249846,-0.00949786821705426,348.3,0.00302,-6.58
,,348.50271,-0.00950106589147287,348.5,0.00301,-6.31999999999999
,,348.755574,-0.00950426356589147,348.8,0.003,-6.15999999999998
,,349.008438,-0.00950755813953488,349,0.00298,-5.89999999999998
,,349.261302,-0.00951085271317829,349.3,0.00297,-5.64000000000001
,,349.514166,-0.00951424418604651,349.5,0.00295,-5.48
,,349.76703,-0.00951763565891473,349.8,0.00294,-5.21999999999996
,,350.019894,-0.00952102713178295,350.1,0.00292,-4.95999999999997
,,350.272758,-0.00952451550387597,350.3,0.00291,-4.80000000000001
,,350.525622,-0.00952800387596899,350.6,0.00289,-4.53999999999998
,,350.778486,-0.00953158914728682,350.8,0.00287,-4.27999999999999
,,351.03135,-0.00953517441860465,351.1,0.00286,-4.01999999999997
,,351.284214,-0.00953875968992248,351.3,0.00284,-3.86
,,351.537078,-0.00954244186046512,351.6,0.00282,-3.59999999999999
,,351.789942,-0.00954612403100775,351.8,0.0028,-3.34
,,352.042806,-0.00954990310077519,352.1,0.00279,-3.18000000000002
,,352.29567,-0.00955368217054264,352.3,0.00277,-2.91999999999998
,,352.548534,-0.00955746124031008,352.6,0.00275,-2.65999999999998
,,352.801398,-0.00956124031007752,352.8,0.00273,-2.40000000000001
,,353.054262,-0.00956511627906977,353.1,0.00271,-2.24
,,353.307126,-0.00956899224806202,353.3,0.00269,-1.98
,,353.55999,-0.00957296511627907,353.6,0.00267,-1.71999999999999
,,353.812854,-0.00957693798449612,353.8,0.00265,-1.45999999999997
,,354.065718,-0.00958091085271318,354.1,0.00263,-1.30000000000001
,,354.318582,-0.00958488372093023,354.4,0.00261,-1.04000000000001
,,354.571446,-0.00958895348837209,354.6,0.00259,-0.779999999999987
,,354.82431,-0.00959302325581395,354.9,0.00257,-0.519999999999975
,,355.077174,-0.00959709302325581,355.1,0.00255,-0.259999999999977
,,355.330038,-0.00960116279069767,355.4,0.00253,-0.099999999999994
,,355.582902,-0.00960523255813953,355.6,0.0025,0.160000000000004
,,355.835766,-0.0096093992248062,355.9,0.00248,0.420000000000002
,,356.08863,-0.00961356589147287,356.1,0.00246,0.680000000000042
,,356.341494,-0.00961773255813954,356.4,0.00244,0.940000000000012
,,356.594358,-0.00962199612403101,356.6,0.00242,1.19999999999999
,,356.847222,-0.00962616279069767,356.9,0.00239,1.36000000000002
,,357.100086,-0.00963042635658915,357.1,0.00237,1.62000000000002
,,357.35295,-0.00963459302325581,357.4,0.00235,1.88
,,357.605814,-0.00963885658914729,357.6,0.00233,2.14
,,357.858678,-0.00964312015503876,357.9,0.0023,2.40000000000001
,,358.111542,-0.00964738372093023,358.1,0.00228,2.66
,,358.364406,-0.00965164728682171,358.4,0.00226,2.92
,,358.61727,-0.00965591085271318,358.7,0.00223,3.08000000000002
,,358.870134,-0.00966017441860465,358.9,0.00221,3.34000000000002
,,359.122998,-0.00966453488372093,359.2,0.00218,3.59999999999999
,,359.375862,-0.0096687984496124,359.4,0.00216,3.86000000000002
,,359.628726,-0.00967306201550388,359.7,0.00213,4.11999999999999
,,359.88159,-0.00967732558139535,359.9,0.00211,4.38
,,360.134454,-0.00968168604651163,360.2,0.00209,4.64000000000003
,,360.387318,-0.0096859496124031,360.4,0.00206,4.90000000000001
,,360.640182,-0.00969021317829457,360.7,0.00204,5.16
,,360.893046,-0.00969447674418605,360.9,0.00201,5.42
,,361.14591,-0.00969874031007752,361.2,0.00199,5.68000000000001
,,361.398774,-0.00970300387596899,361.4,0.00196,5.94000000000001
,,361.651638,-0.00970726744186047,361.7,0.00194,6.20000000000002
,,361.904502,-0.00971153100775194,361.9,0.00191,6.35999999999999
,,362.157366,-0.00971579457364341,362.2,0.00189,6.61999999999999
,,362.41023,-0.00971996124031008,362.4,0.00186,6.88000000000003
,,362.663094,-0.00972422480620155,362.7,0.00184,7.14000000000003
,,362.915958,-0.00972839147286822,363,0.00182,7.40000000000001
,,363.168822,-0.00973255813953488,363.2,0.00179,7.66
,,363.421686,-0.00973672480620155,363.5,0.00177,7.92
,,363.67455,-0.00974089147286822,363.7,0.00174,8.18000000000001
,,363.927414,-0.00974505813953488,364,0.00172,8.44000000000001
,,364.180278,-0.00974912790697674,364.2,0.00169,8.70000000000002
,,364.433142,-0.0097531976744186,364.5,0.00167,8.95999999999999
,,364.686006,-0.00975726744186046,364.7,0.00164,9.21999999999998
,,364.93887,-0.00976133720930233,365,0.00162,9.48000000000003
,,365.191734,-0.00976531007751938,365.2,0.00159,9.74000000000002
,,365.444598,-0.00976937984496124,365.5,0.00157,10.1
,,365.697462,-0.0097733527131783,365.7,0.00154,10.36
,,365.950326,-0.00977722868217054,366,0.00152,10.62
,,366.20319,-0.0097812015503876,366.2,0.0015,10.88
,,366.456054,-0.00978507751937984,366.5,0.00147,11.14
,,366.708918,-0.00978895348837209,366.7,0.00145,11.4
,,366.961782,-0.00979273255813953,367,0.00142,11.66
,,367.214646,-0.00979651162790698,367.2,0.0014,11.92
,,367.46751,-0.00980029069767442,367.5,0.00138,12.18
,,367.720374,-0.00980406976744186,367.8,0.00135,12.44
,,367.973238,-0.0098077519379845,368,0.00133,12.7
,,368.226102,-0.00981143410852713,368.3,0.00131,12.96
,,368.478966,-0.00981501937984496,368.5,0.00128,13.22
,,368.73183,-0.00981860465116279,368.8,0.00126,13.58
,,368.984694,-0.00982218992248062,369,0.00124,13.84
,,369.237558,-0.00982577519379845,369.3,0.00122,14.1
,,369.490422,-0.00982926356589147,369.5,0.00119,14.36
,,369.743286,-0.00983265503875969,369.8,0.00117,14.62
,,369.99615,-0.00983614341085271,370,0.00115,14.88
,,370.249014,-0.00983943798449612,370.3,0.00113,15.14
,,370.501878,-0.00984282945736434,370.5,0.00111,15.5
,,370.754742,-0.00984612403100775,370.8,0.00109,15.76
,,371.007606,-0.00984941860465116,371,0.00106,16.02
,,371.26047,-0.00985261627906977,371.3,0.00104,16.28
,,371.513334,-0.00985581395348837,371.5,0.00102,16.54
,,371.766198,-0.00985891472868217,371.8,1E-3,16.8
,,372.019062,-0.00986201550387597,372.1,9.817E-4,17.16
,,372.271926,-0.00986511627906977,372.3,9.613E-4,17.42
,,372.52479,-0.00986812015503876,372.6,9.415E-4,17.68
,,372.777654,-0.00987102713178295,372.8,9.223E-4,17.94
,,373.030518,-0.00987403100775194,373.1,9.024E-4,18.2
,,373.283382,-0.00987693798449612,373.3,8.831E-4,18.56
,,373.536246,-0.0098797480620155,373.6,8.644E-4,18.82
,,373.78911,-0.00988255813953488,373.8,8.456E-4,19.08
,,374.041974,-0.00988536821705426,374.1,8.268E-4,19.34
,,374.294838,-0.00988808139534884,374.3,8.087E-4,19.7
,,374.547702,-0.00989079457364341,374.6,7.904E-4,19.96
,,374.800566,-0.00989341085271318,374.8,7.728E-4,20.22
,,375.05343,-0.00989602713178295,375.1,7.552E-4,20.48
,,375.306294,-0.00989854651162791,375.3,7.382E-4,20.84
,,375.559158,-0.00990106589147287,375.6,7.211E-4,21.1
,,375.812022,-0.00990356589147287,375.8,7.041E-4,21.36
,,376.064886,-0.0099059980620155,376.1,6.875E-4,21.62
,,376.31775,-0.0099084011627907,376.4,6.71E-4,21.98
,,376.570614,-0.00991075581395349,376.6,6.548E-4,22.24
,,376.823478,-0.00991307170542636,376.9,6.389E-4,22.5
,,377.076342,-0.0099153488372093,377.1,6.232E-4,22.76
,,377.329206,-0.00991758720930233,377.4,6.077E-4,23.12
,,377.58207,-0.00991977713178295,377.6,5.926E-4,23.38
,,377.834934,-0.00992193798449612,377.9,5.776E-4,23.64
,,378.087798,-0.00992406007751938,378.1,5.628E-4,24
,,378.340662,-0.00992613372093023,378.4,5.484E-4,24.26
,,378.593526,-0.00992817829457364,378.6,5.341E-4,24.52
,,378.84639,-0.00993018410852713,378.9,5.201E-4,24.88
,,379.099254,-0.0099321511627907,379.1,5.063E-4,25.14
,,379.352118,-0.00993407945736434,379.4,4.927E-4,25.4
,,379.604982,-0.00993596899224806,379.6,4.794E-4,25.76
,,379.857846,-0.00993782945736434,379.9,4.663E-4,26.02
,,380.11071,-0.00993964147286822,380.1,4.535E-4,26.38
,,380.363574,-0.00994142441860465,380.4,4.408E-4,26.64
,,380.616438,-0.00994317829457364,380.7,4.283E-4,26.9
,,380.869302,-0.00994489341085271,380.9,4.161E-4,27.26
,,381.122166,-0.00994656976744186,381.2,4.042E-4,27.52
,,381.37503,-0.00994820736434109,381.4,3.924E-4,27.78
,,381.627894,-0.00994982558139535,381.7,3.808E-4,28.14
,,381.880758,-0.00995139534883721,381.9,3.695E-4,28.4
,,382.133622,-0.00995293604651163,382.2,3.584E-4,28.76
,,382.386486,-0.0099544476744186,382.4,3.475E-4,29.02
,,382.63935,-0.00995593023255814,382.7,3.367E-4,29.28
,,382.892214,-0.00995737403100775,382.9,3.262E-4,29.64
,,383.145078,-0.00995878875968992,383.2,3.159E-4,29.9
,,383.397942,-0.00996016472868217,383.4,3.059E-4,30.26
,,383.650806,-0.00996152131782946,383.7,2.96E-4,30.52
,,383.90367,-0.00996283914728682,383.9,2.863E-4,30.88
,,384.156534,-0.00996412790697675,384.2,2.769E-4,31.14
,,384.409398,-0.00996538759689923,384.4,2.676E-4,31.4
,,384.662262,-0.00996661821705426,384.7,2.585E-4,31.76
,,384.915126,-0.00996781007751938,385,2.497E-4,32.02
,,385.16799,-0.00996898255813954,385.2,2.41E-4,32.38
,,385.420854,-0.00997012596899225,385.5,2.325E-4,32.64
,,385.673718,-0.00997123062015504,385.7,2.243E-4,33
,,385.926582,-0.00997231589147287,386,2.162E-4,33.26
,,386.179446,-0.00997337209302326,386.2,2.083E-4,33.62
,,386.43231,-0.0099743992248062,386.5,2.006E-4,33.88
,,386.685174,-0.00997539728682171,386.7,1.931E-4,34.24
,,386.938038,-0.00997636627906977,387,1.858E-4,34.5
,,387.190902,-0.00997730620155039,387.2,1.788E-4,34.86
,,387.443766,-0.00997822674418605,387.5,1.718E-4,35.12
,,387.69663,-0.00997910852713178,387.7,1.651E-4,35.48
,,387.949494,-0.00997997093023256,388,1.586E-4,35.74
,,388.202358,-0.00998081395348837,388.2,1.522E-4,36.1
,,388.455222,-0.00998161821705426,388.5,1.46E-4,36.3600000000001
,,388.708086,-0.00998240310077519,388.7,1.4E-4,36.72
,,388.96095,-0.00998315891472868,389,1.343E-4,36.98
,,389.213814,-0.00998388565891473,389.2,1.287E-4,37.34
,,389.466678,-0.00998459302325581,389.5,1.232E-4,37.6
,,389.719542,-0.00998527131782946,389.8,1.18E-4,37.96
,,389.972406,-0.00998593023255814,390,1.129E-4,38.22
,,390.22527,-0.00998656007751938,390.3,1.081E-4,38.58
,,390.478134,-0.00998716085271318,390.5,1.034E-4,38.94
,,390.730998,-0.00998773255813954,390.8,9.897E-5,39.2
,,390.983862,-0.00998829457364341,391,9.46E-5,39.56
,,391.236726,-0.00998881782945736,391.3,9.053E-5,39.82
,,391.48959,-0.00998932170542636,391.5,8.66E-5,40.18
,,391.742454,-0.00998980620155039,391.8,8.281E-5,40.44
,,391.995318,-0.00999026162790698,392,7.925E-5,40.8
,,392.248182,-0.00999068895348837,392.3,7.59E-5,41.16
,,392.501046,-0.00999109593023256,392.5,7.271E-5,41.42
,,392.75391,-0.00999147868217054,392.8,6.971E-5,41.78
,,393.006774,-0.00999183817829457,393,6.688E-5,42.04
,,393.259638,-0.0099921734496124,393.3,6.425E-5,42.4
,,393.512502,-0.00999248449612403,393.5,6.18E-5,42.66
,,393.765366,-0.00999277228682171,393.8,5.954E-5,43.02
,,394.01823,-0.00999303682170543,394.1,5.746E-5,43.38
,,394.271094,-0.00999327906976744,394.3,5.556E-5,43.64
,,394.523958,-0.00999349709302326,394.6,5.385E-5,44
,,394.776822,-0.00999369186046512,394.8,5.232E-5,44.3600000000001
,,395.029686,-0.00999386434108527,395.1,5.097E-5,44.62
,,395.28255,-0.00999401356589147,395.3,4.982E-5,44.98
,,395.535414,-0.00999414050387597,395.6,4.884E-5,45.24
,,395.788278,-0.00999424515503876,395.8,4.805E-5,45.6
,,396.041142,-0.00999432751937985,396.1,4.744E-5,45.96
,,396.294006,-0.00999438662790698,396.3,4.703E-5,46.22
,,396.54687,-0.00999442441860465,396.6,4.679E-5,46.58
,,396.799734,-0.00999444089147287,396.8,4.673E-5,46.94
,,397.052598,-0.00999443507751938,397.1,4.686E-5,47.2
,,397.305462,-0.00999440697674419,397.3,4.717E-5,47.56
,,397.558326,-0.00999435852713178,397.6,4.766E-5,47.82
,,397.81119,-0.00999428875968992,397.8,4.833E-5,48.18
,,398.064054,-0.0099941976744186,398.1,4.919E-5,48.54
,,398.316918,-0.00999408624031008,398.4,5.022E-5,48.8
,,398.569782,-0.00999395348837209,398.6,5.143E-5,49.16
,,398.822646,-0.00999380135658915,398.9,5.282E-5,49.52
,,399.07551,-0.00999362790697675,399.1,5.439E-5,49.78
,,399.328374,-0.00999343507751938,399.4,5.613E-5,50.14
,,399.581238,-0.00999322286821706,399.6,5.804E-5,50.5
,,399.834102,-0.00999299031007752,399.9,6.014E-5,50.76
,,400.086966,-0.00999273837209302,400.1,6.24E-5,51.12
,,400.33983,-0.00999246802325581,400.4,6.484E-5,51.48
,,400.592694,-0.00999217926356589,400.6,6.744E-5,51.74
,,400.845558,-0.00999187112403101,400.9,7.021E-5,52.1
,,401.098422,-0.00999154554263566,401.1,7.314E-5,52.4600000000001
,,401.351286,-0.0099912015503876,401.4,7.624E-5,52.72
,,401.60415,-0.00999084011627907,401.6,7.951E-5,53.08
,,401.857014,-0.00999046027131783,401.9,8.294E-5,53.44
,,402.109878,-0.00999006782945736,402.1,8.649E-5,53.7
,,402.362742,-0.0099896511627907,402.4,9.027E-5,54.06
,,402.615606,-0.00998922480620155,402.7,9.414E-5,54.42
,,402.86847,-0.00998877906976744,402.9,9.82E-5,54.68
,,403.121334,-0.00998831395348837,403.2,1.024E-4,55.04
,,403.374198,-0.00998783914728682,403.4,1.068E-4,55.4
,,403.627062,-0.00998734496124031,403.7,1.113E-4,55.66
,,403.879926,-0.00998684108527132,403.9,1.159E-4,56.02
,,404.13279,-0.00998631782945737,404.2,1.207E-4,56.38
,,404.385654,-0.00998578488372093,404.4,1.256E-4,56.74
,,404.638518,-0.00998523255813953,404.7,1.307E-4,57
,,404.891382,-0.00998467054263566,404.9,1.359E-4,57.36
,,405.144246,-0.0099840988372093,405.2,1.413E-4,57.72
,,405.39711,-0.00998351744186047,405.4,1.467E-4,57.98
,,405.649974,-0.00998291666666667,405.7,1.523E-4,58.34
,,405.902838,-0.00998230620155039,405.9,1.58E-4,58.7
,,406.155702,-0.00998168604651163,406.2,1.638E-4,58.9600000000001
,,406.408566,-0.00998105620155039,406.4,1.697E-4,59.32
,,406.66143,-0.00998040697674419,406.7,1.758E-4,59.68
,,406.914294,-0.00997975775193798,406.9,1.82E-4,59.94
,,407.167158,-0.0099790988372093,407.2,1.882E-4,60.3
,,407.420022,-0.00997843023255814,407.5,1.945E-4,60.66
,,407.672886,-0.0099777519379845,407.7,2.01E-4,61.02
,,407.92575,-0.00997706395348837,408,2.075E-4,61.28
,,408.178614,-0.00997636627906977,408.2,2.142E-4,61.64
,,408.431478,-0.00997566860465116,408.5,2.208E-4,62
,,408.684342,-0.00997496124031008,408.7,2.276E-4,62.26
,,408.937206,-0.00997424418604651,409,2.345E-4,62.62
,,409.19007,-0.00997352713178295,409.2,2.414E-4,62.98
,,409.442934,-0.0099728003875969,409.5,2.485E-4,63.34
,,409.695798,-0.00997206395348837,409.7,2.556E-4,63.6
,,409.948662,-0.00997132751937985,410,2.628E-4,63.9600000000001
,,410.201526,-0.00997059108527132,410.2,2.7E-4,64.32
,,410.45439,-0.00996984496124031,410.5,2.773E-4,64.58
,,410.707254,-0.0099690988372093,410.7,2.846E-4,64.94
,,410.960118,-0.00996834302325582,411,2.92E-4,65.3
,,411.212982,-0.00996758720930233,411.2,2.995E-4,65.56
,,411.465846,-0.00996683139534884,411.5,3.07E-4,65.92
,,411.71871,-0.00996606589147287,411.8,3.146E-4,66.28
,,411.971574,-0.00996531007751938,412,3.221E-4,66.64
,,412.224438,-0.00996454457364341,412.3,3.298E-4,66.9
,,412.477302,-0.00996377906976744,412.5,3.375E-4,67.26
,,412.730166,-0.00996301356589147,412.8,3.452E-4,67.62
,,412.98303,-0.00996223837209302,413,3.53E-4,67.88
,,413.235894,-0.00996147286821705,413.3,3.607E-4,68.24
,,413.488758,-0.00996069767441861,413.5,3.686E-4,68.6
,,413.741622,-0.00995993217054264,413.8,3.764E-4,68.9600000000001
,,413.994486,-0.00995915697674419,414,3.843E-4,69.22
,,414.24735,-0.00995838178294574,414.3,3.922E-4,69.58
,,414.500214,-0.00995761627906977,414.5,4.001E-4,69.94
,,414.753078,-0.00995684108527132,414.8,4.08E-4,70.2
,,415.005942,-0.00995606589147287,415,4.16E-4,70.56
,,415.258806,-0.00995529069767442,415.3,4.24E-4,70.92
,,415.51167,-0.00995451550387597,415.5,4.321E-4,71.2800000000001
